query-id	corpus-id	score
5000001	4063103	1
5000002	5718027	1
5000003	3937516	1
5000004	7944700	1
5000005	8376707	1
5000006	689498	1
5000007	3304016	1
5000008	6073554	1
5000009	5199589	1
5000010	1347352	1
5000011	6658696	1
5000012	4820768	1
5000013	5737359	1
5000014	5338529	1
5000015	8170401	1
5000016	3755445	1
5000017	3029518	1
5000018	6051561	1
5000019	2883320	1
5000020	7529102	1
5000021	6743822	1
5000022	5818233	1
5000023	7109871	1
5000024	2509346	1
5000025	3422373	1
5000026	3774421	1
5000027	8433061	1
5000028	5595972	1
5000029	4529358	1
5000030	3419136	1
5000031	6179330	1
5000032	4882007	1
5000033	141917	1
5000034	1233442	1
5000035	6485173	1
5000036	880181	1
5000037	2950693	1
5000038	3227486	1
5000039	41515	1
5000040	8119608	1
5000041	6770943	1
5000042	338654	1
5000043	3083925	1
5000044	8722066	1
5000045	7034984	1
5000046	5858205	1
5000047	7601584	1
5000048	8693445	1
5000049	3890563	1
5000050	7045364	1
5000051	1727	1
5000052	3842353	1
5000053	6171623	1
5000054	4003605	1
5000055	199905	1
5000056	6634602	1
5000057	7101402	1
5000058	7217479	1
5000059	5804987	1
5000060	3904043	1
5000061	1433815	1
5000062	7426248	1
5000063	1590206	1
5000064	2499983	1
5000065	3701207	1
5000066	4491360	1
5000067	1540351	1
5000068	5045435	1
5000069	6130645	1
5000070	5656473	1
5000071	2449417	1
5000072	6873010	1
5000073	6982591	1
5000074	5029784	1
5000075	7542021	1
5000076	2774799	1
5000077	1972279	1
5000078	8296607	1
5000079	7131576	1
5000080	7483241	1
5000081	5041865	1
5000082	5132212	1
5000083	2777462	1
5000084	7083724	1
5000085	2164660	1
5000086	2649161	1
5000087	7982741	1
5000088	387230	1
5000089	3023803	1
5000090	2400044	1
5000091	5480907	1
5000092	5209981	1
5000093	1879983	1
5000094	5648815	1
5000095	6245123	1
5000096	663851	1
5000097	8266359	1
5000098	5814409	1
5000099	5320666	1
5000100	1368120	1
5000101	5922407	1
5000102	4776848	1
5000103	2864364	1
5000104	7195169	1
5000105	8831185	1
5000106	8822177	1
5000107	4557911	1
5000108	2241698	1
5000109	5827177	1
5000110	311834	1
5000111	347176	1
5000112	1040230	1
5000113	3333949	1
5000114	4868518	1
5000115	1196322	1
5000116	8477556	1
5000117	5803481	1
5000118	2428051	1
5000119	378581	1
5000120	4789077	1
5000121	2417415	1
5000122	4000614	1
5000123	3413843	1
5000124	600036	1
5000125	2968286	1
5000126	5302080	1
5000127	5458802	1
5000128	5860655	1
5000129	4575297	1
5000130	5277315	1
5000131	5165828	1
5000132	3619798	1
5000133	2977455	1
5000134	3084642	1
5000135	8836198	1
5000136	6392930	1
5000137	7469868	1
5000138	1374780	1
5000139	759567	1
5000140	1376477	1
5000141	4484712	1
5000142	2505253	1
5000143	3917106	1
5000144	4785089	1
5000145	5835218	1
5000146	5726649	1
5000147	4645563	1
5000148	849682	1
5000149	6246780	1
5000150	8414644	1
5000151	6175398	1
5000152	8572826	1
5000153	1792450	1
5000154	7156608	1
5000155	2475169	1
5000156	2010816	1
5000157	1395257	1
5000158	8048157	1
5000159	8745050	1
5000160	7781402	1
5000161	7147743	1
5000162	1107283	1
5000163	8706149	1
5000164	4892156	1
5000165	5799098	1
5000166	551792	1
5000167	4201989	1
5000168	4990373	1
5000169	1758938	1
5000170	1121541	1
5000171	5033502	1
5000172	383894	1
5000173	867415	1
5000174	2640405	1
5000175	3894039	1
5000176	216606	1
5000177	4680999	1
5000178	7451755	1
5000179	5476262	1
5000180	3723135	1
5000181	8306659	1
5000182	7721259	1
5000183	2959611	1
5000184	6279352	1
5000185	8700433	1
5000186	1353680	1
5000187	999634	1
5000188	7592003	1
5000189	3888458	1
5000190	5022995	1
5000191	1111934	1
5000192	6805712	1
5000193	3104477	1
5000194	779944	1
5000195	1764596	1
5000196	6848265	1
5000197	260942	1
5000198	6810579	1
5000199	4861370	1
5000200	2976139	1
5000201	417858	1
5000202	7111643	1
5000203	1294087	1
5000204	4602099	1
5000205	3756355	1
5000206	3588532	1
5000207	7043674	1
5000208	3105371	1
5000209	3871133	1
5000210	8344746	1
5000211	4413295	1
5000212	172146	1
5000213	797670	1
5000214	8723155	1
5000215	6534362	1
5000216	1673016	1
5000217	4016822	1
5000218	5281123	1
5000219	5641597	1
5000220	5544542	1
5000221	8793723	1
5000222	6763447	1
5000223	482461	1
5000224	7727212	1
5000225	8319318	1
5000226	7810411	1
5000227	5163398	1
5000228	2521234	1
5000229	5940845	1
5000230	1373494	1
5000231	5271552	1
5000232	8642485	1
5000233	7331781	1
5000234	6902802	1
5000235	2207965	1
5000236	1226271	1
5000237	1337655	1
5000238	5407174	1
5000239	5006927	1
5000240	7846908	1
5000241	5159492	1
5000242	5686479	1
5000243	7384699	1
5000244	8529496	1
5000245	2225678	1
5000246	4492830	1
5000247	6970800	1
5000248	5725690	1
5000249	1238579	1
5000250	3254739	1
5000251	2646189	1
5000252	8275041	1
5000253	6065950	1
5000254	2712187	1
5000255	5612894	1
5000256	8141131	1
5000257	3554627	1
5000258	1230712	1
5000259	7712458	1
5000260	7067085	1
5000261	5396636	1
5000262	4241870	1
5000263	512355	1
5000264	4672408	1
5000265	3348160	1
5000266	5701914	1
5000267	7155520	1
5000268	1801655	1
5000269	1453958	1
5000270	7742396	1
5000271	2510205	1
5000272	5602874	1
5000273	6417181	1
5000274	4242356	1
5000275	6162708	1
5000276	307990	1
5000277	4421482	1
5000278	6314058	1
5000279	364148	1
5000280	6925318	1
5000281	6090901	1
5000282	7426449	1
5000283	3411217	1
5000284	8666749	1
5000285	1567791	1
5000286	75490	1
5000287	2019087	1
5000288	2620758	1
5000289	3162727	1
5000290	7731025	1
5000291	7331783	1
5000292	3814066	1
5000293	6141710	1
5000294	435110	1
5000295	8000909	1
5000296	8399025	1
5000297	7848615	1
5000298	2346910	1
5000299	3508855	1
5000300	2518522	1
5000301	901733	1
5000302	31949	1
5000303	614863	1
5000304	7961466	1
5000305	1620133	1
5000306	6870420	1
5000307	222552	1
5000308	2937280	1
5000309	2427687	1
5000310	1271074	1
5000311	1280590	1
5000312	670143	1
5000313	3110743	1
5000314	1242316	1
5000315	6354612	1
5000316	338670	1
5000317	7120900	1
5000318	6714707	1
5000319	7319581	1
5000320	6564063	1
5000321	1975799	1
5000322	687051	1
5000323	8515781	1
5000324	2135036	1
5000325	1185700	1
5000326	607779	1
5000327	2778279	1
5000328	539218	1
5000329	4340905	1
5000330	3697319	1
5000331	6149055	1
5000332	5710015	1
5000333	239996	1
5000334	6616239	1
5000335	2238160	1
5000336	5312206	1
5000337	2054113	1
5000338	4891080	1
5000339	6153640	1
5000340	6104144	1
5000341	8805488	1
5000342	5225055	1
5000343	3729605	1
5000344	3398958	1
5000345	17405	1
5000346	1975345	1
5000347	2690956	1
5000348	1118124	1
5000349	3743655	1
5000350	1259483	1
5000351	6068289	1
5000352	1818494	1
5000353	8523466	1
5000354	446516	1
5000355	8370880	1
5000356	6594445	1
5000357	592789	1
5000358	5673646	1
5000359	308889	1
5000360	6924652	1
5000361	1774857	1
5000362	1546354	1
5000363	5563130	1
5000364	7937495	1
5000365	5400722	1
5000366	3153757	1
5000367	585459	1
5000368	3880568	1
5000369	4529838	1
5000370	7663559	1
5000371	4700291	1
5000372	4831222	1
5000373	3571449	1
5000374	8819349	1
5000375	8125680	1
5000376	8828738	1
5000377	4741595	1
5000378	6077103	1
5000379	5639152	1
5000380	8683622	1
5000381	2583474	1
5000382	3904925	1
5000383	1008975	1
5000384	856727	1
5000385	6142803	1
5000386	5359979	1
5000387	2389472	1
5000388	1750306	1
5000389	5361057	1
5000390	620857	1
5000391	3950335	1
5000392	4633769	1
5000393	7566899	1
5000394	6794518	1
5000395	2390991	1
5000396	8719276	1
5000397	1909438	1
5000398	1713163	1
5000399	2210416	1
5000400	6814647	1
5000401	5468093	1
5000402	6212517	1
5000403	6190217	1
5000404	4398383	1
5000405	2325391	1
5000406	1999560	1
5000407	5799325	1
5000408	5807529	1
5000409	6273320	1
5000410	6522382	1
5000411	2056245	1
5000412	8755135	1
5000413	1462614	1
5000414	8838206	1
5000415	3442605	1
5000416	3630963	1
5000417	8710108	1
5000418	5827973	1
5000419	880748	1
5000420	5650017	1
5000421	2649893	1
5000422	8487823	1
5000423	8126771	1
5000424	2581486	1
5000425	4100965	1
5000426	7654810	1
5000427	3764085	1
5000428	7609367	1
5000429	6098109	1
5000430	7958601	1
5000431	821860	1
5000432	5628358	1
5000433	8221995	1
5000434	2125042	1
5000435	5568571	1
5000436	7688671	1
5000437	8723655	1
5000438	6985388	1
5000439	135969	1
5000440	777944	1
5000441	5821065	1
5000442	3893843	1
5000443	5611159	1
5000444	7064112	1
5000445	2467253	1
5000446	1181604	1
5000447	1110773	1
5000448	3071111	1
5000449	2595047	1
5000450	6266934	1
5000451	3138633	1
5000452	6986280	1
5000453	57834	1
5000454	1469302	1
5000455	4054200	1
5000456	1198741	1
5000457	36435	1
5000458	2697813	1
5000459	8282578	1
5000460	4772281	1
5000461	8502056	1
5000462	4705650	1
5000463	7080318	1
5000464	5189896	1
5000465	6045094	1
5000466	3783740	1
5000467	2007054	1
5000468	7360195	1
5000469	2631677	1
5000470	2169901	1
5000471	2226801	1
5000472	6875389	1
5000473	2273468	1
5000474	4275600	1
5000475	6789554	1
5000476	4908843	1
5000477	6980823	1
5000478	7508977	1
5000479	10113	1
5000480	718065	1
5000481	1821503	1
5000482	3128669	1
5000483	18826	1
5000484	4399768	1
5000485	6696941	1
5000486	8498042	1
5000487	4147704	1
5000488	7250145	1
5000489	1719906	1
5000490	572537	1
5000491	2862475	1
5000492	7926243	1
5000493	7512238	1
5000494	7913514	1
5000495	7866973	1
5000496	3467550	1
5000497	1876219	1
5000498	7963613	1
5000499	6143031	1
5000500	2934482	1
5000501	3277584	1
5000502	858126	1
5000503	699575	1
5000504	570359	1
5000505	629606	1
5000506	175772	1
5000507	3932822	1
5000508	8530698	1
5000509	2581274	1
5000510	7802475	1
5000511	8599630	1
5000512	7520922	1
5000513	4049668	1
5000514	8243392	1
5000515	762337	1
5000516	8696475	1
5000517	17127	1
5000518	2546674	1
5000519	4383546	1
5000520	8401137	1
5000521	6064876	1
5000522	5128514	1
5000523	2785639	1
5000524	564337	1
5000525	5776974	1
5000526	5878900	1
5000527	7949371	1
5000528	7457744	1
5000529	7878187	1
5000530	8553186	1
5000531	4854660	1
5000532	2225942	1
5000533	7253158	1
5000534	7153650	1
5000535	8209635	1
5000536	1947426	1
5000537	5527427	1
5000538	640860	1
5000539	7783658	1
5000540	6986153	1
5000541	132172	1
5000542	6104654	1
5000543	6766163	1
5000544	7293869	1
5000545	6983229	1
5000546	2312487	1
5000547	3932216	1
5000548	8012528	1
5000549	5194942	1
5000550	3076191	1
5000551	1505004	1
5000552	7011319	1
5000553	478828	1
5000554	2817333	1
5000555	8513546	1
5000556	5193478	1
5000557	4241403	1
5000558	1254387	1
5000559	3853888	1
5000560	2244635	1
5000561	3006754	1
5000562	8280166	1
5000563	6527822	1
5000564	1873496	1
5000565	7907	1
5000566	6562005	1
5000567	4981728	1
5000568	8388597	1
5000569	5568239	1
5000570	8626551	1
5000571	3089421	1
5000572	5459035	1
5000573	1194237	1
5000574	7183717	1
5000575	5320202	1
5000576	3692129	1
5000577	3265588	1
5000578	7588723	1
5000579	8184714	1
5000580	4766794	1
5000581	114897	1
5000582	1172844	1
5000583	7506817	1
5000584	1670411	1
5000585	530180	1
5000586	3553509	1
5000587	2556120	1
5000588	2760510	1
5000589	7323701	1
5000590	7101971	1
5000591	6047269	1
5000592	6234077	1
5000593	8339293	1
5000594	5047466	1
5000595	3341635	1
5000596	8337418	1
5000597	534432	1
5000598	7774164	1
5000599	2113961	1
5000600	5179470	1
5000601	2243438	1
5000602	437875	1
5000603	5203444	1
5000604	5841811	1
5000605	96220	1
5000606	5419963	1
5000607	580150	1
5000608	6972860	1
5000609	7154682	1
5000610	5269139	1
5000611	5676031	1
5000612	253873	1
5000613	5453436	1
5000614	4127153	1
5000615	1078174	1
5000616	7368068	1
5000617	2346493	1
5000618	7881220	1
5000619	7000302	1
5000620	5405738	1
5000621	48351	1
5000622	352832	1
5000623	6090185	1
5000624	3838609	1
5000625	8793523	1
5000626	2679675	1
5000627	4406682	1
5000628	3817436	1
5000629	509337	1
5000630	1760566	1
5000631	5278722	1
5000632	5236373	1
5000633	7653402	1
5000634	5140555	1
5000635	8696389	1
5000636	5675250	1
5000637	7503902	1
5000638	479675	1
5000639	1334269	1
5000640	2428352	1
5000641	1881734	1
5000642	2568012	1
5000643	3123517	1
5000644	542	1
5000645	6689011	1
5000646	7609170	1
5000647	2597564	1
5000648	8405255	1
5000649	174903	1
5000650	3371927	1
5000651	5849712	1
5000652	3497499	1
5000653	8627556	1
5000654	8664679	1
5000655	4937901	1
5000656	5396839	1
5000657	2093559	1
5000658	2231478	1
5000659	3943497	1
5000660	791316	1
5000661	1680849	1
5000662	5759763	1
5000663	7076424	1
5000664	6569187	1
5000665	5017181	1
5000666	3664513	1
5000667	5134995	1
5000668	5920191	1
5000669	3783641	1
5000670	6041606	1
5000671	7588060	1
5000672	875408	1
5000673	2748509	1
5000674	6280308	1
5000675	3458712	1
5000676	6352357	1
5000677	6653327	1
5000678	7686317	1
5000679	8209851	1
5000680	403679	1
5000681	635496	1
5000682	8367239	1
5000683	5555737	1
5000684	8609259	1
5000685	1443068	1
5000686	7275298	1
5000687	6957545	1
5000688	489458	1
5000689	3552584	1
5000690	7557559	1
5000691	6025221	1
5000692	4486670	1
5000693	6619082	1
5000694	6250581	1
5000695	8271234	1
5000696	7437539	1
5000697	7095785	1
5000698	2387364	1
5000699	6751494	1
5000700	5687121	1
5000701	4178131	1
5000702	5626745	1
5000703	4581371	1
5000704	2269730	1
5000705	3374155	1
5000706	3052895	1
5000707	7248447	1
5000708	6751300	1
5000709	641193	1
5000710	1167031	1
5000711	2787991	1
5000712	5899253	1
5000713	8654814	1
5000714	5005716	1
5000715	5594580	1
5000716	8672448	1
5000717	1692778	1
5000718	1886937	1
5000719	7026838	1
5000720	6888205	1
5000721	3739235	1
5000722	7620779	1
5000723	4131396	1
5000724	6738917	1
5000725	8788394	1
5000726	6901278	1
5000727	5623197	1
5000728	2300722	1
5000729	5577250	1
5000730	4376484	1
5000731	4614723	1
5000732	5898397	1
5000733	6704738	1
5000734	645068	1
5000735	5287508	1
5000736	798422	1
5000737	8756771	1
5000738	2982935	1
5000739	6365909	1
5000740	4357965	1
5000741	2359301	1
5000742	69665	1
5000743	7096269	1
5000744	963633	1
5000745	2542786	1
5000746	272533	1
5000747	7225027	1
5000748	5744141	1
5000749	7538572	1
5000750	6468445	1
5000751	6899192	1
5000752	4868485	1
5000753	74486	1
5000754	8644714	1
5000755	8539654	1
5000756	6237137	1
5000757	8291833	1
5000758	5810441	1
5000759	4442371	1
5000760	5557063	1
5000761	2837469	1
5000762	8142564	1
5000763	4360637	1
5000764	8112304	1
5000765	2380115	1
5000766	4961371	1
5000767	5891739	1
5000768	8711864	1
5000769	8344967	1
5000770	8639603	1
5000771	3034226	1
5000772	5257006	1
5000773	6695806	1
5000774	1667910	1
5000775	7860072	1
5000776	586185	1
5000777	4708416	1
5000778	8257560	1
5000779	1402270	1
5000780	7170461	1
5000781	7999531	1
5000782	8781189	1
5000783	5723451	1
5000784	2592107	1
5000785	8223012	1
5000786	5891722	1
5000787	1140503	1
5000788	3309964	1
5000789	2636240	1
5000790	5913425	1
5000791	1769752	1
5000792	4591831	1
5000793	3185826	1
5000794	1504504	1
5000795	5407926	1
5000796	4757759	1
5000797	7972604	1
5000798	2773228	1
5000799	8570788	1
5000800	3375610	1
5000801	3689525	1
5000802	6509576	1
5000803	648448	1
5000804	4851809	1
5000805	5260963	1
5000806	5427523	1
5000807	8195196	1
5000808	4734370	1
5000809	3768335	1
5000810	7524071	1
5000811	8771863	1
5000812	971165	1
5000813	1645838	1
5000814	8383866	1
5000815	810710	1
5000816	6342	1
5000817	2755134	1
5000818	4291116	1
5000819	3509562	1
5000820	6193389	1
5000821	4246812	1
5000822	3512717	1
5000823	4487333	1
5000824	4009384	1
5000825	289202	1
5000826	4290577	1
5000827	896132	1
5000828	3118504	1
5000829	8231530	1
5000830	3374886	1
5000831	3073962	1
5000832	4865525	1
5000833	3656339	1
5000834	6652274	1
5000835	1759173	1
5000836	5701139	1
5000837	5834930	1
5000838	3569425	1
5000839	3611306	1
5000840	8445621	1
5000841	3931198	1
5000842	5327838	1
5000843	1496781	1
5000844	6465738	1
5000845	3903852	1
5000846	2045233	1
5000847	1388336	1
5000848	4261711	1
5000849	3096993	1
5000850	4105276	1
5000851	6255553	1
5000852	6019546	1
5000853	5410600	1
5000854	2706770	1
5000855	1984889	1
5000856	2304068	1
5000857	6585514	1
5000858	1912088	1
5000859	1106603	1
5000860	8470022	1
5000861	133450	1
5000862	8437338	1
5000863	7824625	1
5000864	2454479	1
5000865	2569638	1
5000866	2507750	1
5000867	7493270	1
5000868	3730523	1
5000869	8384115	1
5000870	8161680	1
5000871	3895561	1
5000872	8678523	1
5000873	4852218	1
5000874	341392	1
5000875	7159822	1
5000876	4007687	1
5000877	4518698	1
5000878	4080162	1
5000879	234466	1
5000880	8229136	1
5000881	4801139	1
5000882	6831391	1
5000883	1875790	1
5000884	1744096	1
5000885	6300648	1
5000886	2254360	1
5000887	6125194	1
5000888	3028333	1
5000889	8319153	1
5000890	2302004	1
5000891	6715019	1
5000892	1121024	1
5000893	7963071	1
5000894	2738027	1
5000895	6020253	1
5000896	3917657	1
5000897	5479741	1
5000898	8042634	1
5000899	1060102	1
5000900	2547201	1
5000901	1533681	1
5000902	5610103	1
5000903	215371	1
5000904	4266538	1
5000905	4150730	1
5000906	4465094	1
5000907	6737052	1
5000908	4553431	1
5000909	6666157	1
5000910	2789782	1
5000911	7443924	1
5000912	142626	1
5000913	5267305	1
5000914	1663478	1
5000915	4376134	1
5000916	7205892	1
5000917	457247	1
5000918	4110257	1
5000919	3509464	1
5000920	4166669	1
5000921	1479212	1
5000922	7967106	1
5000923	2103735	1
5000924	1622099	1
5000925	7382621	1
5000926	4346755	1
5000927	201634	1
5000928	451257	1
5000929	2116191	1
5000930	149892	1
5000931	7509762	1
5000932	3113638	1
5000933	7642860	1
5000934	5383425	1
5000935	3234297	1
5000936	5279346	1
5000937	5692604	1
5000938	2523665	1
5000939	7090214	1
5000940	6993802	1
5000941	1014750	1
5000942	3571428	1
5000943	2604389	1
5000944	4898988	1
5000945	3494532	1
5000946	4855426	1
5000947	6591177	1
5000948	1020815	1
5000949	5996360	1
5000950	8045874	1
5000951	5083433	1
5000952	1234520	1
5000953	6228556	1
5000954	2071099	1
5000955	6076640	1
5000956	4712738	1
5000957	2734475	1
5000958	2914268	1
5000959	2381946	1
5000960	5703394	1
5000961	6095776	1
5000962	6465627	1
5000963	5789184	1
5000964	8205415	1
5000965	1042765	1
5000966	6946473	1
5000967	7706669	1
5000968	8694397	1
5000969	8210839	1
5000970	3029875	1
5000971	8243759	1
5000972	1330359	1
5000973	6182600	1
5000974	1695978	1
5000975	5006534	1
5000976	4914897	1
5000977	2237826	1
5000978	8829407	1
5000979	5826351	1
5000980	1816214	1
5000981	348707	1
5000982	626032	1
5000983	6440374	1
5000984	3947290	1
5000985	2921432	1
5000986	2838035	1
5000987	8315077	1
5000988	4230314	1
5000989	3277512	1
5000990	6417014	1
5000991	7759630	1
5000992	8546076	1
5000993	7087773	1
5000994	4853087	1
5000995	5100858	1
5000996	5876705	1
5000997	729960	1
5000998	4808490	1
5000999	1688125	1
5001000	1924345	1
5001001	8282479	1
5001002	5207427	1
5001003	3989731	1
5001004	3263970	1
5001005	4759385	1
5001006	6641003	1
5001007	7383174	1
5001008	8841606	1
5001009	1282927	1
5001010	7517811	1
5001011	78642	1
5001012	5270027	1
5001013	7247547	1
5001014	5526983	1
5001015	2401431	1
5001016	1367984	1
5001017	4223356	1
5001018	869535	1
5001019	2162192	1
5001020	6974710	1
5001021	2397135	1
5001022	8171555	1
5001023	5292286	1
5001024	1077348	1
5001025	1794661	1
5001026	833914	1
5001027	8811453	1
5001028	8596945	1
5001029	1267593	1
5001030	5106408	1
5001031	6380912	1
5001032	7428629	1
5001033	3681315	1
5001034	1046987	1
5001035	8344924	1
5001036	1330780	1
5001037	295814	1
5001038	7985535	1
5001039	1952065	1
5001040	7781574	1
5001041	6349642	1
5001042	7475367	1
5001043	2979709	1
5001044	6442653	1
5001045	5933843	1
5001046	1785932	1
5001047	543809	1
5001048	263506	1
5001049	8270778	1
5001050	6598147	1
5001051	6091374	1
5001052	1200310	1
5001053	8319995	1
5001054	6685131	1
5001055	269268	1
5001056	562674	1
5001057	4072402	1
5001058	7317894	1
5001059	4660519	1
5001060	4048555	1
5001061	6036117	1
5001062	1838989	1
5001063	8505459	1
5001064	2853302	1
5001065	1399940	1
5001066	4229309	1
5001067	1558023	1
5001068	868053	1
5001069	2960126	1
5001070	743672	1
5001071	4697844	1
5001072	1453284	1
5001073	5110274	1
5001074	133226	1
5001075	1371363	1
5001076	7773847	1
5001077	8759815	1
5001078	8642946	1
5001079	3580059	1
5001080	1806404	1
5001081	1994799	1
5001082	288374	1
5001083	8691420	1
5001084	4619438	1
5001085	3726210	1
5001086	5812864	1
5001087	1708564	1
5001088	7725071	1
5001089	4110805	1
5001090	1979778	1
5001091	2733560	1
5001092	1060000	1
5001093	8542428	1
5001094	3095595	1
5001095	6427423	1
5001096	8402928	1
5001097	929246	1
5001098	4878706	1
5001099	2911482	1
5001100	2355030	1
5001101	4377030	1
5001102	7357388	1
5001103	2834209	1
5001104	7334163	1
5001105	8112669	1
5001106	5948081	1
5001107	366954	1
5001108	1432483	1
5001109	2530439	1
5001110	1943637	1
5001111	2022765	1
5001112	5638862	1
5001113	1890503	1
5001114	8256908	1
5001115	1136449	1
5001116	7454644	1
5001117	3764659	1
5001118	1283371	1
5001119	4659702	1
5001120	8632390	1
5001121	6014117	1
5001122	7921444	1
5001123	941515	1
5001124	8584819	1
5001125	4399217	1
5001126	4867055	1
5001127	5133313	1
5001128	865658	1
5001129	433994	1
5001130	7267772	1
5001131	8176797	1
5001132	4413658	1
5001133	871370	1
5001134	6042743	1
5001135	3817679	1
5001136	1794428	1
5001137	1951019	1
5001138	6711794	1
5001139	253011	1
5001140	4035959	1
5001141	2062901	1
5001142	6542790	1
5001143	1208264	1
5001144	3780465	1
5001145	37186	1
5001146	6989241	1
5001147	3831404	1
5001148	1932353	1
5001149	6082278	1
5001150	4000658	1
5001151	6419930	1
5001152	6251363	1
5001153	5880067	1
5001154	3584809	1
5001155	5844858	1
5001156	2468848	1
5001157	3288711	1
5001158	6740983	1
5001159	8008858	1
5001160	7725592	1
5001161	3384266	1
5001162	3552334	1
5001163	1673161	1
5001164	6777821	1
5001165	3272762	1
5001166	6160430	1
5001167	6648848	1
5001168	6035690	1
5001169	7152680	1
5001170	300360	1
5001171	5281233	1
5001172	5953878	1
5001173	4406037	1
5001174	5034824	1
5001175	627997	1
5001176	7318846	1
5001177	2439525	1
5001178	5621003	1
5001179	1462897	1
5001180	7735196	1
5001181	6753992	1
5001182	7623523	1
5001183	5268436	1
5001184	1787772	1
5001185	2781528	1
5001186	5714993	1
5001187	215328	1
5001188	1992503	1
5001189	7580360	1
5001190	4472209	1
5001191	1567338	1
5001192	4318692	1
5001193	3086590	1
5001194	2014679	1
5001195	8818110	1
5001196	3065415	1
5001197	6540670	1
5001198	1829927	1
5001199	7488253	1
5001200	2451973	1
5001201	7897933	1
5001202	8291091	1
5001203	1938708	1
5001204	111875	1
5001205	6457402	1
5001206	790106	1
5001207	6627086	1
5001208	1999261	1
5001209	1059988	1
5001210	3126473	1
5001211	2132521	1
5001212	7840274	1
5001213	913001	1
5001214	4079332	1
5001215	6389828	1
5001216	365039	1
5001217	4679575	1
5001218	41683	1
5001219	1053824	1
5001220	7402636	1
5001221	184923	1
5001222	20181	1
5001223	1152795	1
5001224	4416559	1
5001225	3693041	1
5001226	2432322	1
5001227	2814391	1
5001228	4430384	1
5001229	7262896	1
5001230	3425648	1
5001231	694075	1
5001232	5834925	1
5001233	4616387	1
5001234	7881211	1
5001235	359218	1
5001236	7974039	1
5001237	2491524	1
5001238	7128671	1
5001239	1710033	1
5001240	8209977	1
5001241	1371935	1
5001242	4022134	1
5001243	5261647	1
5001244	7597558	1
5001245	2626339	1
5001246	6507672	1
5001247	6515552	1
5001248	2129499	1
5001249	2207267	1
5001250	7075804	1
5001251	2656219	1
5001252	73531	1
5001253	4578347	1
5001254	3929958	1
5001255	4435943	1
5001256	827001	1
5001257	8836254	1
5001258	7966717	1
5001259	7808079	1
5001260	876135	1
5001261	1107919	1
5001262	5056863	1
5001263	5484505	1
5001264	3553697	1
5001265	3874676	1
5001266	8476602	1
5001267	7580348	1
5001268	5898731	1
5001269	1652904	1
5001270	863939	1
5001271	6902629	1
5001272	2564317	1
5001273	918548	1
5001274	6533500	1
5001275	5259377	1
5001276	6858783	1
5001277	7089887	1
5001278	6640578	1
5001279	4503165	1
5001280	3311418	1
5001281	913714	1
5001282	4679509	1
5001283	5565691	1
5001284	1981792	1
5001285	4316885	1
5001286	5775737	1
5001287	7911347	1
5001288	8647454	1
5001289	6547888	1
5001290	2026821	1
5001291	8548526	1
5001292	5759723	1
5001293	8160437	1
5001294	5098882	1
5001295	5889747	1
5001296	6201944	1
5001297	4590710	1
5001298	8735319	1
5001299	8292695	1
5001300	4744193	1
5001301	1335491	1
5001302	2420678	1
5001303	7649489	1
5001304	7517795	1
5001305	3922758	1
5001306	4133969	1
5001307	2723329	1
5001308	4288553	1
5001309	6361087	1
5001310	3253361	1
5001311	1676672	1
5001312	7263777	1
5001313	2255973	1
5001314	8630146	1
5001315	5045601	1
5001316	1005439	1
5001317	6343082	1
5001318	44923	1
5001319	1141933	1
5001320	135944	1
5001321	2084583	1
5001322	2663053	1
5001323	8756277	1
5001324	7520544	1
5001325	4189386	1
5001326	1177974	1
5001327	250704	1
5001328	2215354	1
5001329	684765	1
5001330	5978348	1
5001331	1738469	1
5001332	6543748	1
5001333	1727659	1
5001334	6633189	1
5001335	2029092	1
5001336	2723292	1
5001337	2845641	1
5001338	2105531	1
5001339	1907005	1
5001340	4298614	1
5001341	5747200	1
5001342	786456	1
5001343	6586712	1
5001344	6659183	1
5001345	5833826	1
5001346	3319440	1
5001347	8778982	1
5001348	5159059	1
5001349	3857840	1
5001350	3167954	1
5001351	392356	1
5001352	1592379	1
5001353	3330731	1
5001354	4582156	1
5001355	1098506	1
5001356	2184902	1
5001357	7310927	1
5001358	3699169	1
5001359	8740155	1
5001360	716751	1
5001361	336357	1
5001362	5673580	1
5001363	2225840	1
5001364	8753806	1
5001365	2816544	1
5001366	1583821	1
5001367	970497	1
5001368	1250077	1
5001369	3110336	1
5001370	4787674	1
5001371	1768186	1
5001372	5332366	1
5001373	5241447	1
5001374	409303	1
5001375	5089157	1
5001376	539489	1
5001377	5109279	1
5001378	1484145	1
5001379	3642652	1
5001380	2109117	1
5001381	1909851	1
5001382	5187319	1
5001383	5521690	1
5001384	6026960	1
5001385	3313608	1
5001386	8202934	1
5001387	5453338	1
5001388	404307	1
5001389	4386356	1
5001390	3729666	1
5001391	1772977	1
5001392	1770423	1
5001393	7058126	1
5001394	718980	1
5001395	2731952	1
5001396	5111139	1
5001397	43357	1
5001398	1988074	1
5001399	4039493	1
5001400	5089245	1
5001401	2692229	1
5001402	2620852	1
5001403	6869037	1
5001404	527612	1
5001405	4619559	1
5001406	3545159	1
5001407	5727000	1
5001408	3781815	1
5001409	1271915	1
5001410	2940813	1
5001411	575678	1
5001412	1765895	1
5001413	3743224	1
5001414	4391261	1
5001415	7993177	1
5001416	4117999	1
5001417	5409992	1
5001418	7698117	1
5001419	650509	1
5001420	1238834	1
5001421	6634757	1
5001422	4807584	1
5001423	3244314	1
5001424	3759902	1
5001425	8688869	1
5001426	2797462	1
5001427	1999994	1
5001428	107134	1
5001429	6142188	1
5001430	5786638	1
5001431	670628	1
5001432	5853549	1
5001433	3458107	1
5001434	2290138	1
5001435	95134	1
5001436	6957633	1
5001437	8531470	1
5001438	624406	1
5001439	2576716	1
5001440	1025965	1
5001441	8352843	1
5001442	2160325	1
5001443	3928337	1
5001444	6816490	1
5001445	5906572	1
5001446	5057546	1
5001447	6240681	1
5001448	8593145	1
5001449	6065328	1
5001450	1095758	1
5001451	935913	1
5001452	5807600	1
5001453	8102871	1
5001454	6018796	1
5001455	1094433	1
5001456	7793174	1
5001457	579615	1
5001458	8355819	1
5001459	4201777	1
5001460	5246602	1
5001461	4446377	1
5001462	5147298	1
5001463	5571635	1
5001464	5718198	1
5001465	1638271	1
5001466	835655	1
5001467	1920933	1
5001468	8641258	1
5001469	7101680	1
5001470	6563302	1
5001471	269752	1
5001472	7057324	1
5001473	4158942	1
5001474	5174049	1
5001475	5645576	1
5001476	2576647	1
5001477	5294285	1
5001478	1552907	1
5001479	8368824	1
5001480	6400817	1
5001481	3635343	1
5001482	5678055	1
5001483	6643151	1
5001484	3232201	1
5001485	1818193	1
5001486	7298964	1
5001487	2162984	1
5001488	4415490	1
5001489	2921799	1
5001490	542745	1
5001491	7653565	1
5001492	1703443	1
5001493	809015	1
5001494	947929	1
5001495	1208230	1
5001496	541049	1
5001497	7122676	1
5001498	8833677	1
5001499	6480570	1
5001500	8814877	1
5001501	8484951	1
5001502	7469419	1
5001503	2698347	1
5001504	3663131	1
5001505	847380	1
5001506	6708256	1
5001507	8205240	1
5001508	3412814	1
5001509	7502097	1
5001510	8284486	1
5001511	6354447	1
5001512	3479815	1
5001513	1868195	1
5001514	2256426	1
5001515	1286897	1
5001516	7665970	1
5001517	3780527	1
5001518	6316136	1
5001519	6191001	1
5001520	4543814	1
5001521	1325999	1
5001522	5317378	1
5001523	401297	1
5001524	6625604	1
5001525	3913926	1
5001526	8444375	1
5001527	8674873	1
5001528	6887854	1
5001529	2616662	1
5001530	3562974	1
5001531	4018642	1
5001532	4922465	1
5001533	4175805	1
5001534	3967870	1
5001535	5284734	1
5001536	3047013	1
5001537	6549327	1
5001538	7707251	1
5001539	7756069	1
5001540	6953428	1
5001541	3351564	1
5001542	7789916	1
5001543	1064049	1
5001544	4786634	1
5001545	4988416	1
5001546	1365286	1
5001547	1119814	1
5001548	1832240	1
5001549	3085780	1
5001550	3283128	1
5001551	8447767	1
5001552	6341657	1
5001553	2137893	1
5001554	8368823	1
5001555	1825305	1
5001556	6646975	1
5001557	5291153	1
5001558	3918489	1
5001559	2363978	1
5001560	4814806	1
5001561	3244195	1
5001562	6967651	1
5001563	5865133	1
5001564	3831190	1
5001565	7668406	1
5001566	6220761	1
5001567	5767554	1
5001568	3249794	1
5001569	4526714	1
5001570	3375701	1
5001571	2581121	1
5001572	4937663	1
5001573	4818	1
5001574	3617763	1
5001575	2804779	1
5001576	7514363	1
5001577	1504950	1
5001578	1711025	1
5001579	2645778	1
5001580	4326153	1
5001581	8028613	1
5001582	3530161	1
5001583	187572	1
5001584	3251960	1
5001585	6936363	1
5001586	1420685	1
5001587	8695931	1
5001588	7635447	1
5001589	6069469	1
5001590	2228361	1
5001591	2816258	1
5001592	2322689	1
5001593	247423	1
5001594	3875009	1
5001595	4047596	1
5001596	4599020	1
5001597	7443323	1
5001598	6532916	1
5001599	8420624	1
5001600	2318757	1
5001601	1640872	1
5001602	5515654	1
5001603	7480002	1
5001604	6318534	1
5001605	3151124	1
5001606	3284028	1
5001607	6786579	1
5001608	465164	1
5001609	8496884	1
5001610	7131369	1
5001611	5129290	1
5001612	863083	1
5001613	1108262	1
5001614	5030301	1
5001615	7545960	1
5001616	5913613	1
5001617	2236690	1
5001618	2525609	1
5001619	1878113	1
5001620	8696383	1
5001621	7821181	1
5001622	5320937	1
5001623	5911870	1
5001624	5854909	1
5001625	8579257	1
5001626	6843031	1
5001627	3619337	1
5001628	1614201	1
5001629	741846	1
5001630	18643	1
5001631	6643824	1
5001632	1215962	1
5001633	3565547	1
5001634	267885	1
5001635	923666	1
5001636	4452384	1
5001637	8199407	1
5001638	2420878	1
5001639	3455708	1
5001640	2990309	1
5001641	6039002	1
5001642	7339708	1
5001643	1692875	1
5001644	6912253	1
5001645	6956429	1
5001646	50476	1
5001647	5408981	1
5001648	6664073	1
5001649	3285927	1
5001650	4574608	1
5001651	1735190	1
5001652	7991620	1
5001653	3048211	1
5001654	8009766	1
5001655	4530162	1
5001656	8072773	1
5001657	646435	1
5001658	2167316	1
5001659	3149311	1
5001660	7448741	1
5001661	5149426	1
5001662	6894125	1
5001663	8193668	1
5001664	6454417	1
5001665	2525144	1
5001666	7447709	1
5001667	3949208	1
5001668	5919389	1
5001669	1136011	1
5001670	2889214	1
5001671	1564710	1
5001672	8755825	1
5001673	7238634	1
5001674	2450798	1
5001675	7849228	1
5001676	1665021	1
5001677	8358650	1
5001678	2625938	1
5001679	1982992	1
5001680	55656	1
5001681	631664	1
5001682	3222744	1
5001683	5754530	1
5001684	5404775	1
5001685	6620508	1
5001686	6928792	1
5001687	2571138	1
5001688	7887014	1
5001689	3012255	1
5001690	1731910	1
5001691	3727536	1
5001692	2070144	1
5001693	8613735	1
5001694	404063	1
5001695	3878193	1
5001696	81517	1
5001697	1466917	1
5001698	4438006	1
5001699	4969699	1
5001700	4616750	1
5001701	5585291	1
5001702	420117	1
5001703	239650	1
5001704	2175697	1
5001705	2165341	1
5001706	8574592	1
5001707	8250322	1
5001708	830258	1
5001709	1668790	1
5001710	5727083	1
5001711	7367361	1
5001712	5077398	1
5001713	1371457	1
5001714	4019169	1
5001715	4687052	1
5001716	3988711	1
5001717	701608	1
5001718	2895416	1
5001719	773897	1
5001720	3636671	1
5001721	8556798	1
5001722	5022304	1
5001723	5822102	1
5001724	5297583	1
5001725	6507490	1
5001726	642827	1
5001727	5441690	1
5001728	2491517	1
5001729	6695507	1
5001730	7605819	1
5001731	8557878	1
5001732	8188411	1
5001733	8110969	1
5001734	1796552	1
5001735	5403340	1
5001736	1723984	1
5001737	8697127	1
5001738	7097602	1
5001739	2105050	1
5001740	1804668	1
5001741	3787610	1
5001742	6589932	1
5001743	3536398	1
5001744	1866156	1
5001745	5115256	1
5001746	3992288	1
5001747	628902	1
5001748	3054822	1
5001749	6866731	1
5001750	8805504	1
5001751	7121487	1
5001752	3378219	1
5001753	8669662	1
5001754	4025603	1
5001755	5127441	1
5001756	5970373	1
5001757	6874253	1
5001758	3104267	1
5001759	1568231	1
5001760	7722448	1
5001761	8745151	1
5001762	3882559	1
5001763	6987911	1
5001764	6070357	1
5001765	6256389	1
5001766	3766520	1
5001767	6816148	1
5001768	5712296	1
5001769	5317736	1
5001770	829175	1
5001771	1413581	1
5001772	829682	1
5001773	3518479	1
5001774	554798	1
5001775	4778249	1
5001776	5892775	1
5001777	8511611	1
5001778	6679353	1
5001779	5327814	1
5001780	1617697	1
5001781	1363585	1
5001782	1281538	1
5001783	6743755	1
5001784	6553670	1
5001785	3690643	1
5001786	3872161	1
5001787	3910157	1
5001788	7499911	1
5001789	7489811	1
5001790	3860912	1
5001791	358471	1
5001792	3782638	1
5001793	4388169	1
5001794	4200650	1
5001795	1351394	1
5001796	559572	1
5001797	8577388	1
5001798	4491259	1
5001799	4190277	1
5001800	6567492	1
5001801	1017334	1
5001802	6831173	1
5001803	3676554	1
5001804	971770	1
5001805	7161871	1
5001806	4097563	1
5001807	2256641	1
5001808	6344557	1
5001809	3768282	1
5001810	5877156	1
5001811	851484	1
5001812	812235	1
5001813	4952071	1
5001814	497517	1
5001815	1797830	1
5001816	5886293	1
5001817	2901859	1
5001818	3824627	1
5001819	8703611	1
5001820	8186923	1
5001821	264724	1
5001822	4029872	1
5001823	2633611	1
5001824	2851748	1
5001825	1648383	1
5001826	4881343	1
5001827	5487729	1
5001828	6218095	1
5001829	8580888	1
5001830	3667327	1
5001831	2323080	1
5001832	2051378	1
5001833	608906	1
5001834	5097567	1
5001835	4709096	1
5001836	5716391	1
5001837	7594649	1
5001838	4501288	1
5001839	2436230	1
5001840	1534005	1
5001841	2488678	1
5001842	5615629	1
5001843	5664096	1
5001844	2386041	1
5001845	1178290	1
5001846	1577121	1
5001847	7512058	1
5001848	4877748	1
5001849	7172866	1
5001850	5290295	1
5001851	2416224	1
5001852	3339606	1
5001853	2789086	1
5001854	3161165	1
5001855	6352037	1
5001856	1042573	1
5001857	2323854	1
5001858	8755619	1
5001859	7049505	1
5001860	6902570	1
5001861	6852059	1
5001862	1001324	1
5001863	823778	1
5001864	5192195	1
5001865	4534226	1
5001866	8233172	1
5001867	134914	1
5001868	7771980	1
5001869	2429134	1
5001870	4644168	1
5001871	7230737	1
5001872	8330376	1
5001873	1467942	1
5001874	3907821	1
5001875	4560343	1
5001876	5421085	1
5001877	7830810	1
5001878	270474	1
5001879	4041217	1
5001880	7465025	1
5001881	7734673	1
5001882	139361	1
5001883	8045976	1
5001884	140655	1
5001885	3529359	1
5001886	5959272	1
5001887	6446111	1
5001888	7419983	1
5001889	3317523	1
5001890	4120600	1
5001891	7269176	1
5001892	2117662	1
5001893	2698132	1
5001894	2586026	1
5001895	5465801	1
5001896	4183258	1
5001897	1275608	1
5001898	1332379	1
5001899	7831582	1
5001900	2927870	1
5001901	8415749	1
5001902	2999325	1
5001903	7448188	1
5001904	6954947	1
5001905	7559621	1
5001906	8663260	1
5001907	8143537	1
5001908	496897	1
5001909	2601406	1
5001910	5686995	1
5001911	3122139	1
5001912	600922	1
5001913	4493160	1
5001914	1660706	1
5001915	312186	1
5001916	7633663	1
5001917	1337716	1
5001918	8451879	1
5001919	8355021	1
5001920	2136807	1
5001921	4703780	1
5001922	3901288	1
5001923	8606442	1
5001924	6932420	1
5001925	151940	1
5001926	4302044	1
5001927	2012549	1
5001928	4434458	1
5001929	6385872	1
5001930	7940349	1
5001931	7378869	1
5001932	8260464	1
5001933	856798	1
5001934	6180858	1
5001935	5836222	1
5001936	5434245	1
5001937	196506	1
5001938	3193217	1
5001939	5733641	1
5001940	5779813	1
5001941	6164020	1
5001942	6211394	1
5001943	7721311	1
5001944	1993276	1
5001945	3052806	1
5001946	3935441	1
5001947	5069289	1
5001948	7719373	1
5001949	1701568	1
5001950	8172294	1
5001951	3138351	1
5001952	5888225	1
5001953	341379	1
5001954	5934374	1
5001955	4853150	1
5001956	6762612	1
5001957	7275192	1
5001958	1576852	1
5001959	4862690	1
5001960	177847	1
5001961	2129548	1
5001962	2422585	1
5001963	3679890	1
5001964	1153542	1
5001965	206825	1
5001966	6926013	1
5001967	958369	1
5001968	8479417	1
5001969	6109970	1
5001970	5909782	1
5001971	2123080	1
5001972	70114	1
5001973	1479621	1
5001974	5193873	1
5001975	16156	1
5001976	8773275	1
5001977	5666558	1
5001978	1600809	1
5001979	2849359	1
5001980	1553998	1
5001981	2322753	1
5001982	8657878	1
5001983	2603315	1
5001984	6507222	1
5001985	1861150	1
5001986	7610147	1
5001987	4237372	1
5001988	5390311	1
5001989	2095804	1
5001990	7808510	1
5001991	4762882	1
5001992	4534204	1
5001993	4868226	1
5001994	2074820	1
5001995	2892667	1
5001996	7446162	1
5001997	4391531	1
5001998	8757153	1
5001999	3180704	1
5002000	2711425	1
5002001	4866868	1
5002002	3556824	1
5002003	6420474	1
5002004	4285136	1
5002005	5267519	1
5002006	6069528	1
5002007	1170448	1
5002008	7685203	1
5002009	676316	1
5002010	3068085	1
5002011	782632	1
5002012	827098	1
5002013	1319729	1
5002014	8411875	1
5002015	8119936	1
5002016	1819882	1
5002017	4619126	1
5002018	1573143	1
5002019	4439757	1
5002020	8555344	1
5002021	2387239	1
5002022	545474	1
5002023	575981	1
5002024	622940	1
5002025	1790386	1
5002026	426194	1
5002027	1190567	1
5002028	6877498	1
5002029	7041924	1
5002030	1820355	1
5002031	4229221	1
5002032	7454391	1
5002033	3380143	1
5002034	369065	1
5002035	5526335	1
5002036	2258662	1
5002037	1274064	1
5002038	1320741	1
5002039	5841290	1
5002040	2107506	1
5002041	2973333	1
5002042	5382619	1
5002043	858005	1
5002044	4140545	1
5002045	2362679	1
5002046	1797368	1
5002047	4175858	1
5002048	7121257	1
5002049	2277652	1
5002050	5347388	1
5002051	7421389	1
5002052	397551	1
5002053	5294064	1
5002054	2443068	1
5002055	2904565	1
5002056	5817705	1
5002057	2287403	1
5002058	2930198	1
5002059	2143702	1
5002060	4749359	1
5002061	7352433	1
5002062	5232233	1
5002063	3973399	1
5002064	1364895	1
5002065	5100995	1
5002066	6300673	1
5002067	1088334	1
5002068	6080569	1
5002069	4965461	1
5002070	139419	1
5002071	6663958	1
5002072	2570431	1
5002073	1559085	1
5002074	6258876	1
5002075	6677515	1
5002076	2867390	1
5002077	4042228	1
5002078	2259824	1
5002079	6593962	1
5002080	696974	1
5002081	5164827	1
5002082	4366394	1
5002083	430941	1
5002084	1770505	1
5002085	8192016	1
5002086	4087565	1
5002087	640199	1
5002088	3237538	1
5002089	7022055	1
5002090	6787593	1
5002091	3076828	1
5002092	3672840	1
5002093	8251726	1
5002094	5846998	1
5002095	7936642	1
5002096	4561082	1
5002097	4063093	1
5002098	5947896	1
5002099	7518395	1
5002100	403016	1
5002101	8821599	1
5002102	6338505	1
5002103	4747132	1
5002104	7251861	1
5002105	5733019	1
5002106	2017766	1
5002107	7320850	1
5002108	6078019	1
5002109	1573111	1
5002110	6419241	1
5002111	5147367	1
5002112	3857110	1
5002113	1524754	1
5002114	629982	1
5002115	7988723	1
5002116	5442378	1
5002117	309788	1
5002118	2734484	1
5002119	1325536	1
5002120	5098107	1
5002121	1328922	1
5002122	7256115	1
5002123	5578390	1
5002124	2303669	1
5002125	5675014	1
5002126	4410094	1
5002127	3534217	1
5002128	7679839	1
5002129	7957959	1
5002130	1206153	1
5002131	4662050	1
5002132	5028570	1
5002133	7903725	1
5002134	5030359	1
5002135	8394678	1
5002136	6861318	1
5002137	6452909	1
5002138	3317161	1
5002139	2237300	1
5002140	6682261	1
5002141	4970698	1
5002142	8312829	1
5002143	5250819	1
5002144	1840227	1
5002145	5379236	1
5002146	1564573	1
5002147	3384360	1
5002148	32590	1
5002149	867082	1
5002150	8683792	1
5002151	3822730	1
5002152	6959011	1
5002153	4946072	1
5002154	4025307	1
5002155	1541741	1
5002156	4617110	1
5002157	7055565	1
5002158	7038515	1
5002159	8788238	1
5002160	4491393	1
5002161	6008272	1
5002162	5942418	1
5002163	5560489	1
5002164	2958917	1
5002165	8312953	1
5002166	5362644	1
5002167	5976222	1
5002168	7127284	1
5002169	4085823	1
5002170	696167	1
5002171	3620800	1
5002172	6523060	1
5002173	7505593	1
5002174	5813137	1
5002175	2688255	1
5002176	8126210	1
5002177	2009870	1
5002178	7322697	1
5002179	4863726	1
5002180	6640625	1
5002181	2836305	1
5002182	4310961	1
5002183	5376502	1
5002184	1279797	1
5002185	3862084	1
5002186	5451197	1
5002187	1988231	1
5002188	8577460	1
5002189	6215850	1
5002190	1855595	1
5002191	6411586	1
5002192	8010655	1
5002193	5184350	1
5002194	2352081	1
5002195	1053786	1
5002196	4962960	1
5002197	5039593	1
5002198	3864511	1
5002199	7281946	1
5002200	8147551	1
5002201	6945684	1
5002202	1125897	1
5002203	6000640	1
5002204	2901412	1
5002205	8670173	1
5002206	7860059	1
5002207	8793472	1
5002208	1962125	1
5002209	5891825	1
5002210	5401799	1
5002211	4201101	1
5002212	7934821	1
5002213	3901753	1
5002214	771718	1
5002215	3040524	1
5002216	6076632	1
5002217	3271321	1
5002218	407632	1
5002219	213615	1
5002220	7708537	1
5002221	5452441	1
5002222	6367311	1
5002223	4603575	1
5002224	6531149	1
5002225	6245673	1
5002226	2117730	1
5002227	6397062	1
5002228	6888114	1
5002229	556385	1
5002230	7467531	1
5002231	3493366	1
5002232	6919655	1
5002233	3679261	1
5002234	4154115	1
5002235	4728546	1
5002236	1328519	1
5002237	4999960	1
5002238	4564103	1
5002239	779607	1
5002240	3950192	1
5002241	1753259	1
5002242	140491	1
5002243	3168599	1
5002244	6533485	1
5002245	1235327	1
5002246	6079205	1
5002247	5353296	1
5002248	157018	1
5002249	3993312	1
5002250	6143633	1
5002251	6047854	1
5002252	1513864	1
5002253	6441448	1
5002254	1290762	1
5002255	4745854	1
5002256	6564441	1
5002257	7233389	1
5002258	1622772	1
5002259	275866	1
5002260	2648077	1
5002261	1013500	1
5002262	4558829	1
5002263	4614099	1
5002264	6198002	1
5002265	5081700	1
5002266	2728590	1
5002267	7532480	1
5002268	5646600	1
5002269	5867422	1
5002270	3565158	1
5002271	4689450	1
5002272	2978029	1
5002273	4408091	1
5002274	2832385	1
5002275	8703248	1
5002276	6940723	1
5002277	8401189	1
5002278	8336508	1
5002279	1328115	1
5002280	2509682	1
5002281	5019348	1
5002282	6527666	1
5002283	6314017	1
5002284	2626947	1
5002285	3965973	1
5002286	3294919	1
5002287	1068906	1
5002288	5258308	1
5002289	5828378	1
5002290	2381507	1
5002291	918546	1
5002292	1545004	1
5002293	3904847	1
5002294	5930802	1
5002295	637545	1
5002296	5136653	1
5002297	4901532	1
5002298	5454935	1
5002299	1677019	1
5002300	4589306	1
5002301	4284628	1
5002302	5085344	1
5002303	7339570	1
5002304	3610801	1
5002305	3112421	1
5002306	8574209	1
5002307	3979664	1
5002308	8426764	1
5002309	1546123	1
5002310	6224507	1
5002311	1944843	1
5002312	1648607	1
5002313	1146734	1
5002314	8393361	1
5002315	8042615	1
5002316	6969713	1
5002317	5318450	1
5002318	5707959	1
5002319	2800430	1
5002320	7090502	1
5002321	2947352	1
5002322	4931273	1
5002323	2101346	1
5002324	7235809	1
5002325	2905334	1
5002326	1860197	1
5002327	5230900	1
5002328	159146	1
5002329	7148140	1
5002330	6016268	1
5002331	6385785	1
5002332	2807494	1
5002333	5919057	1
5002334	804103	1
5002335	6746816	1
5002336	6966182	1
5002337	6110399	1
5002338	8388932	1
5002339	868624	1
5002340	5268326	1
5002341	6521220	1
5002342	3233729	1
5002343	5098738	1
5002344	432254	1
5002345	8808971	1
5002346	1924496	1
5002347	6832497	1
5002348	4581594	1
5002349	6414297	1
5002350	7180140	1
5002351	2342575	1
5002352	3779412	1
5002353	4670106	1
5002354	6445746	1
5002355	2946706	1
5002356	5102459	1
5002357	6813831	1
5002358	2514934	1
5002359	1059337	1
5002360	790742	1
5002361	8525997	1
5002362	3701823	1
5002363	6390188	1
5002364	7325628	1
5002365	1536964	1
5002366	3638530	1
5002367	6240373	1
5002368	8698297	1
5002369	8178597	1
5002370	7789673	1
5002371	2262364	1
5002372	5436183	1
5002373	3554407	1
5002374	3903628	1
5002375	3099501	1
5002376	3409673	1
5002377	444876	1
5002378	5386252	1
5002379	8270251	1
5002380	1679334	1
5002381	5732591	1
5002382	8333615	1
5002383	7993372	1
5002384	7203609	1
5002385	8292739	1
5002386	5403290	1
5002387	8566297	1
5002388	7617991	1
5002389	1186088	1
5002390	1414205	1
5002391	1916504	1
5002392	6059888	1
5002393	6012098	1
5002394	4286457	1
5002395	5274708	1
5002396	5704001	1
5002397	5308750	1
5002398	335891	1
5002399	5972783	1
5002400	4061320	1
5002401	293016	1
5002402	8676241	1
5002403	7315778	1
5002404	772363	1
5002405	7967069	1
5002406	8067340	1
5002407	1297387	1
5002408	2005521	1
5002409	6411094	1
5002410	2853142	1
5002411	7514902	1
5002412	350004	1
5002413	3928800	1
5002414	6422607	1
5002415	3138664	1
5002416	7243204	1
5002417	5513091	1
5002418	5402059	1
5002419	7033883	1
5002420	29317	1
5002421	5821187	1
5002422	4656032	1
5002423	629936	1
5002424	2642772	1
5002425	7864947	1
5002426	6956574	1
5002427	613106	1
5002428	4294210	1
5002429	1043018	1
5002430	1760713	1
5002431	8264018	1
5002432	4689034	1
5002433	4469422	1
5002434	610829	1
5002435	7546093	1
5002436	1839200	1
5002437	8333950	1
5002438	5420775	1
5002439	1817671	1
5002440	8578634	1
5002441	6174950	1
5002442	3916315	1
5002443	8239866	1
5002444	4541860	1
5002445	6980787	1
5002446	7711143	1
5002447	2998025	1
5002448	8423520	1
5002449	3018010	1
5002450	1674278	1
5002451	6509897	1
5002452	8026365	1
5002453	781869	1
5002454	1413440	1
5002455	4873369	1
5002456	5013151	1
5002457	8328288	1
5002458	3378984	1
5002459	2807875	1
5002460	2137998	1
5002461	4000649	1
5002462	5987929	1
5002463	8755525	1
5002464	843066	1
5002465	8505019	1
5002466	5806908	1
5002467	826370	1
5002468	4633510	1
5002469	2526892	1
5002470	5360277	1
5002471	5840771	1
5002472	1190584	1
5002473	2807115	1
5002474	5050992	1
5002475	4864107	1
5002476	2170976	1
5002477	1959082	1
5002478	8017327	1
5002479	7964092	1
5002480	495726	1
5002481	1014858	1
5002482	6223834	1
5002483	7691106	1
5002484	25936	1
5002485	924519	1
5002486	3562602	1
5002487	1271124	1
5002488	4743279	1
5002489	2375798	1
5002490	6968388	1
5002491	3375781	1
5002492	3418676	1
5002493	2845725	1
5002494	3881365	1
5002495	4026926	1
5002496	7818917	1
5002497	8241345	1
5002498	3733291	1
5002499	4728430	1
5002500	5769287	1
5002501	5596942	1
5002502	1878513	1
5002503	7390926	1
5002504	4810736	1
5002505	825253	1
5002506	2013863	1
5002507	3179174	1
5002508	5122578	1
5002509	350120	1
5002510	8347280	1
5002511	7815257	1
5002512	1654810	1
5002513	6970676	1
5002514	3731338	1
5002515	5358454	1
5002516	6113925	1
5002517	8543533	1
5002518	3335885	1
5002519	8107144	1
5002520	7039713	1
5002521	3389393	1
5002522	1791694	1
5002523	2334123	1
5002524	563975	1
5002525	657956	1
5002526	4081803	1
5002527	8170881	1
5002528	5226443	1
5002529	3046388	1
5002530	2116399	1
5002531	6871903	1
5002532	3519167	1
5002533	5430242	1
5002534	7372610	1
5002535	3071378	1
5002536	284125	1
5002537	6384473	1
5002538	5425480	1
5002539	1964513	1
5002540	769618	1
5002541	43148	1
5002542	1393848	1
5002543	1839540	1
5002544	7212739	1
5002545	2710283	1
5002546	557233	1
5002547	3092128	1
5002548	1881582	1
5002549	2707455	1
5002550	742006	1
5002551	7439155	1
5002552	6808329	1
5002553	1981784	1
5002554	211483	1
5002555	476183	1
5002556	536055	1
5002557	6941094	1
5002558	295870	1
5002559	2997826	1
5002560	460727	1
5002561	3602536	1
5002562	2060823	1
5002563	3673633	1
5002564	8518740	1
5002565	2494738	1
5002566	8214609	1
5002567	6335379	1
5002568	1413238	1
5002569	4865226	1
5002570	728097	1
5002571	3087591	1
5002572	4338008	1
5002573	5581551	1
5002574	4267489	1
5002575	6555161	1
5002576	7007792	1
5002577	4202777	1
5002578	8430970	1
5002579	6682949	1
5002580	7611804	1
5002581	1987704	1
5002582	5728083	1
5002583	2118836	1
5002584	8130447	1
5002585	3862549	1
5002586	2274283	1
5002587	5589578	1
5002588	2384441	1
5002589	8831790	1
5002590	5546176	1
5002591	8388587	1
5002592	1664573	1
5002593	35342	1
5002594	7654117	1
5002595	1723774	1
5002596	1776373	1
5002597	6017195	1
5002598	3556707	1
5002599	3536130	1
5002600	7067712	1
5002601	6735216	1
5002602	4683312	1
5002603	7268567	1
5002604	5370594	1
5002605	1862351	1
5002606	6862257	1
5002607	4640455	1
5002608	3251770	1
5002609	1424772	1
5002610	7348085	1
5002611	4177392	1
5002612	4356946	1
5002613	4742284	1
5002614	138987	1
5002615	8159508	1
5002616	5630824	1
5002617	799544	1
5002618	3395366	1
5002619	6613841	1
5002620	7918248	1
5002621	8758019	1
5002622	6120781	1
5002623	1412074	1
5002624	287730	1
5002625	5185813	1
5002626	1228115	1
5002627	5674391	1
5002628	5525290	1
5002629	2594223	1
5002630	7498237	1
5002631	7230064	1
5002632	2078167	1
5002633	8765542	1
5002634	2730112	1
5002635	7641239	1
5002636	5016421	1
5002637	7457715	1
5002638	5804746	1
5002639	4176589	1
5002640	697191	1
5002641	8692371	1
5002642	871878	1
5002643	7138390	1
5002644	1595745	1
5002645	1626959	1
5002646	7895601	1
5002647	6569215	1
5002648	4101836	1
5002649	2720456	1
5002650	1798536	1
5002651	7177732	1
5002652	3491265	1
5002653	1921008	1
5002654	460845	1
5002655	6798726	1
5002656	6490860	1
5002657	7570768	1
5002658	7061001	1
5002659	6319932	1
5002660	2533306	1
5002661	6428808	1
5002662	1683401	1
5002663	505924	1
5002664	3988981	1
5002665	1445552	1
5002666	7611661	1
5002667	140990	1
5002668	8330849	1
5002669	75205	1
5002670	279417	1
5002671	4570180	1
5002672	5171193	1
5002673	5181303	1
5002674	7840331	1
5002675	8234218	1
5002676	8406768	1
5002677	5648013	1
5002678	4156585	1
5002679	1066275	1
5002680	6453169	1
5002681	1752290	1
5002682	5683206	1
5002683	8236134	1
5002684	8417490	1
5002685	2718621	1
5002686	950444	1
5002687	6559281	1
5002688	3742330	1
5002689	4610152	1
5002690	3627020	1
5002691	8018309	1
5002692	6681366	1
5002693	3015979	1
5002694	5976780	1
5002695	2091238	1
5002696	5227742	1
5002697	8808483	1
5002698	5612833	1
5002699	8240399	1
5002700	7947825	1
5002701	5185905	1
5002702	4376453	1
5002703	163831	1
5002704	3892717	1
5002705	5260813	1
5002706	5695030	1
5002707	8028409	1
5002708	4457136	1
5002709	5334259	1
5002710	2448573	1
5002711	719577	1
5002712	287599	1
5002713	4683871	1
5002714	7059966	1
5002715	738084	1
5002716	4881180	1
5002717	3238594	1
5002718	203316	1
5002719	4388780	1
5002720	5027996	1
5002721	1411883	1
5002722	1969225	1
5002723	6980643	1
5002724	2785259	1
5002725	6385580	1
5002726	3900986	1
5002727	4253411	1
5002728	7735125	1
5002729	4362863	1
5002730	387682	1
5002731	1232272	1
5002732	4720004	1
5002733	5307891	1
5002734	6129882	1
5002735	4466069	1
5002736	371456	1
5002737	8533792	1
5002738	3083813	1
5002739	985970	1
5002740	7186126	1
5002741	730135	1
5002742	1044500	1
5002743	363862	1
5002744	6138533	1
5002745	2045147	1
5002746	6378819	1
5002747	1612380	1
5002748	2012336	1
5002749	5830851	1
5002750	1631773	1
5002751	1020109	1
5002752	4209773	1
5002753	8797141	1
5002754	7590549	1
5002755	3989690	1
5002756	3952286	1
5002757	7935212	1
5002758	1462338	1
5002759	3641098	1
5002760	8382969	1
5002761	3413345	1
5002762	5100539	1
5002763	460920	1
5002764	8604836	1
5002765	3235399	1
5002766	2058979	1
5002767	7628584	1
5002768	2812586	1
5002769	8165536	1
5002770	4169388	1
5002771	7215691	1
5002772	1074324	1
5002773	4270947	1
5002774	3654441	1
5002775	3896081	1
5002776	2034828	1
5002777	7796609	1
5002778	1112152	1
5002779	6597200	1
5002780	3506475	1
5002781	6345417	1
5002782	567565	1
5002783	5382476	1
5002784	7382098	1
5002785	6485120	1
5002786	4485762	1
5002787	4046648	1
5002788	3563679	1
5002789	6231714	1
5002790	2498275	1
5002791	638110	1
5002792	4566210	1
5002793	1756042	1
5002794	7815437	1
5002795	2487208	1
5002796	1961872	1
5002797	3400551	1
5002798	4911543	1
5002799	1290020	1
5002800	2751153	1
5002801	2641814	1
5002802	2030862	1
5002803	8641098	1
5002804	3932398	1
5002805	8277412	1
5002806	3311090	1
5002807	3172045	1
5002808	8088066	1
5002809	3168295	1
5002810	3902630	1
5002811	8511820	1
5002812	7278397	1
5002813	1610809	1
5002814	6673010	1
5002815	8024137	1
5002816	4755036	1
5002817	2869839	1
5002818	6170024	1
5002819	8678940	1
5002820	2459842	1
5002821	6470720	1
5002822	4176811	1
5002823	7188633	1
5002824	7718330	1
5002825	7523832	1
5002826	3798304	1
5002827	6376435	1
5002828	1729996	1
5002829	544981	1
5002830	2208095	1
5002831	1745520	1
5002832	7333452	1
5002833	962224	1
5002834	5390615	1
5002835	3856030	1
5002836	6131858	1
5002837	7911415	1
5002838	1362544	1
5002839	7814392	1
5002840	90239	1
5002841	4152020	1
5002842	3412941	1
5002843	8253411	1
5002844	1543581	1
5002845	1472599	1
5002846	4910426	1
5002847	3966804	1
5002848	8769335	1
5002849	822330	1
5002850	3719260	1
5002851	7091099	1
5002852	5311586	1
5002853	8688380	1
5002854	1878920	1
5002855	1265868	1
5002856	7026460	1
5002857	7547275	1
5002858	788063	1
5002859	3864527	1
5002860	4042111	1
5002861	1202717	1
5002862	7742346	1
5002863	6141325	1
5002864	5225927	1
5002865	2256934	1
5002866	1209056	1
5002867	8326313	1
5002868	2612356	1
5002869	725495	1
5002870	5615199	1
5002871	1005851	1
5002872	88193	1
5002873	1380922	1
5002874	6996810	1
5002875	5477868	1
5002876	2093122	1
5002877	6810504	1
5002878	1522564	1
5002879	3605367	1
5002880	4156995	1
5002881	2471814	1
5002882	413840	1
5002883	1200517	1
5002884	8770514	1
5002885	5996293	1
5002886	5628414	1
5002887	2138626	1
5002888	4574306	1
5002889	1614210	1
5002890	4314959	1
5002891	3509364	1
5002892	3540725	1
5002893	3837183	1
5002894	8259607	1
5002895	5657079	1
5002896	8781545	1
5002897	2199975	1
5002898	8105657	1
5002899	7599253	1
5002900	3487313	1
5002901	527974	1
5002902	8082106	1
5002903	8255264	1
5002904	8495207	1
5002905	5848274	1
5002906	3248042	1
5002907	3258649	1
5002908	2116263	1
5002909	8334023	1
5002910	4805288	1
5002911	8553122	1
5002912	2466309	1
5002913	3652335	1
5002914	4841922	1
5002915	4172267	1
5002916	7896124	1
5002917	3857077	1
5002918	5407700	1
5002919	3302234	1
5002920	3813677	1
5002921	4214500	1
5002922	6071828	1
5002923	7106841	1
5002924	6386472	1
5002925	5639886	1
5002926	2448529	1
5002927	5841061	1
5002928	1370066	1
5002929	4681605	1
5002930	4706399	1
5002931	3113498	1
5002932	27932	1
5002933	3809515	1
5002934	5528469	1
5002935	8310634	1
5002936	3617652	1
5002937	6709685	1
5002938	5510206	1
5002939	4546517	1
5002940	3420274	1
5002941	203049	1
5002942	1191369	1
5002943	1339021	1
5002944	6472156	1
5002945	7250672	1
5002946	7361462	1
5002947	5045178	1
5002948	8447878	1
5002949	6332254	1
5002950	3128070	1
5002951	3909169	1
5002952	3818728	1
5002953	7112192	1
5002954	5061732	1
5002955	2384760	1
5002956	6468285	1
5002957	1136448	1
5002958	2326539	1
5002959	8382456	1
5002960	6778812	1
5002961	3684221	1
5002962	3467873	1
5002963	1907829	1
5002964	441878	1
5002965	5854852	1
5002966	5571664	1
5002967	8149394	1
5002968	5634792	1
5002969	3254953	1
5002970	7903999	1
5002971	4200225	1
5002972	587001	1
5002973	2540972	1
5002974	6000194	1
5002975	2714793	1
5002976	2461696	1
5002977	2481717	1
5002978	1154186	1
5002979	3767769	1
5002980	7072656	1
5002981	49578	1
5002982	5832936	1
5002983	8636427	1
5002984	1901805	1
5002985	5857541	1
5002986	4602028	1
5002987	5449051	1
5002988	5798948	1
5002989	5243724	1
5002990	4013637	1
5002991	3643291	1
5002992	1147797	1
5002993	5281894	1
5002994	693274	1
5002995	6334288	1
5002996	7602291	1
5002997	549223	1
5002998	21519	1
5002999	2624941	1
5003000	2119050	1
5003001	3141639	1
5003002	1939655	1
5003003	27915	1
5003004	5557249	1
5003005	3480220	1
5003006	2451080	1
5003007	6799461	1
5003008	7837455	1
5003009	5766354	1
5003010	4861881	1
5003011	6178003	1
5003012	4913983	1
5003013	4822335	1
5003014	8727311	1
5003015	345915	1
5003016	4883671	1
5003017	5975504	1
5003018	411132	1
5003019	2430377	1
5003020	2817625	1
5003021	6075843	1
5003022	7260787	1
5003023	2225252	1
5003024	8660292	1
5003025	8611717	1
5003026	4122003	1
5003027	2448788	1
5003028	2750952	1
5003029	1633684	1
5003030	2023217	1
5003031	1021885	1
5003032	2873255	1
5003033	3177749	1
5003034	2915197	1
5003035	4395355	1
5003036	6842380	1
5003037	7192591	1
5003038	5058899	1
5003039	7499085	1
5003040	2251841	1
5003041	6750656	1
5003042	947854	1
5003043	5775335	1
5003044	1339884	1
5003045	5911219	1
5003046	7616087	1
5003047	1909581	1
5003048	5367675	1
5003049	6107178	1
5003050	1660195	1
5003051	2207397	1
5003052	5640591	1
5003053	7646847	1
5003054	4890078	1
5003055	5466989	1
5003056	2372610	1
5003057	5903958	1
5003058	6430093	1
5003059	7843332	1
5003060	4799093	1
5003061	2606639	1
5003062	8718999	1
5003063	5116781	1
5003064	4201916	1
5003065	6379081	1
5003066	1495521	1
5003067	3207811	1
5003068	4708668	1
5003069	4343444	1
5003070	7042977	1
5003071	2691641	1
5003072	3579772	1
5003073	1300729	1
5003074	7953369	1
5003075	1962573	1
5003076	8249147	1
5003077	4742101	1
5003078	951957	1
5003079	6698930	1
5003080	2258567	1
5003081	7299961	1
5003082	7694183	1
5003083	7529821	1
5003084	5566770	1
5003085	2445992	1
5003086	3948604	1
5003087	8116727	1
5003088	3480876	1
5003089	1038115	1
5003090	3509408	1
5003091	6460218	1
5003092	3346775	1
5003093	2251339	1
5003094	3783208	1
5003095	3132065	1
5003096	87770	1
5003097	1705508	1
5003098	3163177	1
5003099	3490942	1
5003100	2170128	1
5003101	433030	1
5003102	7486456	1
5003103	2251526	1
5003104	2226336	1
5003105	4053275	1
5003106	6920073	1
5003107	1815690	1
5003108	8680976	1
5003109	2877451	1
5003110	6935804	1
5003111	7237475	1
5003112	8543320	1
5003113	1072122	1
5003114	5906525	1
5003115	3059461	1
5003116	7276942	1
5003117	4548871	1
5003118	8527154	1
5003119	7029268	1
5003120	4503608	1
5003121	4028892	1
5003122	4112115	1
5003123	8273048	1
5003124	2471567	1
5003125	3471058	1
5003126	8262437	1
5003127	221262	1
5003128	4038552	1
5003129	6773327	1
5003130	7189938	1
5003131	3107787	1
5003132	8139248	1
5003133	3432407	1
5003134	3834149	1
5003135	5109537	1
5003136	6088378	1
5003137	613304	1
5003138	5070484	1
5003139	1339716	1
5003140	8173386	1
5003141	5366925	1
5003142	146815	1
5003143	8754224	1
5003144	3303813	1
5003145	3048618	1
5003146	5046116	1
5003147	6541464	1
5003148	7138450	1
5003149	8348231	1
5003150	7543503	1
5003151	117666	1
5003152	4428262	1
5003153	1402432	1
5003154	1268168	1
5003155	3449476	1
5003156	2856524	1
5003157	4781591	1
5003158	6802553	1
5003159	3284101	1
5003160	8803343	1
5003161	715980	1
5003162	2086976	1
5003163	3486296	1
5003164	8264545	1
5003165	5740308	1
5003166	6103739	1
5003167	938302	1
5003168	8305368	1
5003169	3943390	1
5003170	7710290	1
5003171	54005	1
5003172	1475223	1
5003173	4009050	1
5003174	3932643	1
5003175	4583094	1
5003176	5396675	1
5003177	281633	1
5003178	5979142	1
5003179	1499377	1
5003180	7510484	1
5003181	1801117	1
5003182	2755507	1
5003183	1776759	1
5003184	7634344	1
5003185	1594175	1
5003186	4615594	1
5003187	3310684	1
5003188	7740459	1
5003189	8395740	1
5003190	2261537	1
5003191	7809083	1
5003192	1769685	1
5003193	2463511	1
5003194	2494241	1
5003195	6023652	1
5003196	2818776	1
5003197	5900856	1
5003198	3250190	1
5003199	5840281	1
5003200	2894631	1
5003201	8177868	1
5003202	3274103	1
5003203	5398141	1
5003204	8656210	1
5003205	5587579	1
5003206	5541942	1
5003207	674615	1
5003208	2892471	1
5003209	7888	1
5003210	4351175	1
5003211	1838307	1
5003212	6563130	1
5003213	899813	1
5003214	5477137	1
5003215	2431172	1
5003216	4751197	1
5003217	381995	1
5003218	570811	1
5003219	6101795	1
5003220	4406796	1
5003221	8817348	1
5003222	1638663	1
5003223	1686907	1
5003224	8017109	1
5003225	1791516	1
5003226	5942236	1
5003227	8474028	1
5003228	3289513	1
5003229	816122	1
5003230	4722586	1
5003231	71092	1
5003232	4699056	1
5003233	5363039	1
5003234	2158500	1
5003235	2347171	1
5003236	2648978	1
5003237	4144050	1
5003238	4212584	1
5003239	6733762	1
5003240	8005181	1
5003241	8712918	1
5003242	6869929	1
5003243	2064638	1
5003244	1707546	1
5003245	4081083	1
5003246	8255141	1
5003247	4596694	1
5003248	7602688	1
5003249	5134582	1
5003250	1523431	1
5003251	408756	1
5003252	7279750	1
5003253	6935546	1
5003254	7300001	1
5003255	6830431	1
5003256	7432090	1
5003257	6627227	1
5003258	3573449	1
5003259	4293094	1
5003260	6753711	1
5003261	4070981	1
5003262	4712655	1
5003263	4211439	1
5003264	4165997	1
5003265	8546422	1
5003266	3808533	1
5003267	4182935	1
5003268	8160007	1
5003269	4710041	1
5003270	1884973	1
5003271	1736368	1
5003272	762174	1
5003273	595213	1
5003274	5465098	1
5003275	4469239	1
5003276	1818813	1
5003277	924558	1
5003278	8528016	1
5003279	6378942	1
5003280	6881548	1
5003281	8009901	1
5003282	5726973	1
5003283	2583893	1
5003284	1670663	1
5003285	6894895	1
5003286	369543	1
5003287	6075192	1
5003288	6478833	1
5003289	2959578	1
5003290	2062127	1
5003291	6222572	1
5003292	7750003	1
5003293	311105	1
5003294	2709485	1
5003295	4205580	1
5003296	2642837	1
5003297	3649756	1
5003298	3656576	1
5003299	7158912	1
5003300	631331	1
5003301	831971	1
5003302	665990	1
5003303	3956956	1
5003304	6845318	1
5003305	1971386	1
5003306	4550883	1
5003307	5296232	1
5003308	3820164	1
5003309	671336	1
5003310	7854589	1
5003311	146757	1
5003312	1647816	1
5003313	3149669	1
5003314	6247019	1
5003315	7866554	1
5003316	7333928	1
5003317	4964095	1
5003318	5264790	1
5003319	8775793	1
5003320	1984214	1
5003321	1533461	1
5003322	4262487	1
5003323	7876748	1
5003324	1341728	1
5003325	4343955	1
5003326	4576912	1
5003327	6691837	1
5003328	8435019	1
5003329	6358192	1
5003330	6096095	1
5003331	4508023	1
5003332	268060	1
5003333	2401336	1
5003334	6940045	1
5003335	5389884	1
5003336	8400481	1
5003337	2671320	1
5003338	5428295	1
5003339	6524247	1
5003340	7633799	1
5003341	3735356	1
5003342	6189187	1
5003343	2821076	1
5003344	5890954	1
5003345	8770284	1
5003346	3332439	1
5003347	8182224	1
5003348	7392678	1
5003349	1984487	1
5003350	2247675	1
5003351	4267097	1
5003352	2504998	1
5003353	2030811	1
5003354	5636491	1
5003355	3522351	1
5003356	2383134	1
5003357	3881175	1
5003358	8154488	1
5003359	3277923	1
5003360	77553	1
5003361	2350190	1
5003362	4453738	1
5003363	7646291	1
5003364	4485004	1
5003365	6751173	1
5003366	7634873	1
5003367	94686	1
5003368	6095413	1
5003369	4652867	1
5003370	1123121	1
5003371	8199006	1
5003372	7381161	1
5003373	7824537	1
5003374	6740516	1
5003375	8685498	1
5003376	5622206	1
5003377	3736563	1
5003378	3324155	1
5003379	3745628	1
5003380	4371469	1
5003381	4383909	1
5003382	1324938	1
5003383	4014932	1
5003384	1939435	1
5003385	6417928	1
5003386	5049311	1
5003387	8426538	1
5003388	2964659	1
5003389	8301356	1
5003390	3262575	1
5003391	2362013	1
5003392	5289283	1
5003393	2769863	1
5003394	2943176	1
5003395	7426643	1
5003396	602021	1
5003397	5461053	1
5003398	5121445	1
5003399	8451143	1
5003400	5680325	1
5003401	5671990	1
5003402	690367	1
5003403	5734448	1
5003404	2570567	1
5003405	4112185	1
5003406	7737296	1
5003407	7127300	1
5003408	6490971	1
5003409	3789702	1
5003410	1130937	1
5003411	1317655	1
5003412	7896112	1
5003413	7956961	1
5003414	632541	1
5003415	7428660	1
5003416	1657770	1
5003417	3137676	1
5003418	914747	1
5003419	6500239	1
5003420	8110413	1
5003421	7925494	1
5003422	7016395	1
5003423	715962	1
5003424	976630	1
5003425	5103818	1
5003426	4625006	1
5003427	330449	1
5003428	4405358	1
5003429	3522921	1
5003430	5457453	1
5003431	1967085	1
5003432	3358824	1
5003433	3062708	1
5003434	3836500	1
5003435	8836513	1
5003436	2086377	1
5003437	4019290	1
5003438	8780645	1
5003439	8324581	1
5003440	2138277	1
5003441	7622728	1
5003442	540338	1
5003443	4659589	1
5003444	6885055	1
5003445	2991670	1
5003446	1154199	1
5003447	3632861	1
5003448	925436	1
5003449	2676590	1
5003450	5824910	1
5003451	8712998	1
5003452	2630189	1
5003453	6075607	1
5003454	7309824	1
5003455	5201378	1
5003456	6840210	1
5003457	5961838	1
5003458	3293839	1
5003459	3280306	1
5003460	8799080	1
5003461	2942863	1
5003462	3340460	1
5003463	2304668	1
5003464	3255356	1
5003465	4524504	1
5003466	1026404	1
5003467	7083407	1
5003468	5589017	1
5003469	4004399	1
5003470	3633950	1
5003471	19240	1
5003472	8471928	1
5003473	3376181	1
5003474	3017250	1
5003475	2582713	1
5003476	3260316	1
5003477	4707695	1
5003478	849664	1
5003479	5906466	1
5003480	7880445	1
5003481	7701728	1
5003482	2930809	1
5003483	7829937	1
5003484	552527	1
5003485	6631333	1
5003486	171236	1
5003487	6204782	1
5003488	7282537	1
5003489	7701527	1
5003490	5035494	1
5003491	6777059	1
5003492	3309724	1
5003493	4013782	1
5003494	2028621	1
5003495	7303579	1
5003496	6028165	1
5003497	2851953	1
5003498	2659502	1
5003499	4507713	1
5003500	1212667	1
5003501	4865006	1
5003502	4121640	1
5003503	5647360	1
5003504	6425150	1
5003505	5438295	1
5003506	54947	1
5003507	2831348	1
5003508	8788750	1
5003509	8832537	1
5003510	4178877	1
5003511	6136712	1
5003512	5683791	1
5003513	6832826	1
5003514	1189535	1
5003515	2617971	1
5003516	2025123	1
5003517	6516465	1
5003518	6790576	1
5003519	8289467	1
5003520	1705248	1
5003521	5398433	1
5003522	1002814	1
5003523	7145042	1
5003524	3399036	1
5003525	8575998	1
5003526	3704521	1
5003527	3629805	1
5003528	8555745	1
5003529	6028831	1
5003530	7476258	1
5003531	6552262	1
5003532	2439378	1
5003533	8575191	1
5003534	2892255	1
5003535	3739141	1
5003536	1985315	1
5003537	5183121	1
5003538	7672757	1
5003539	561204	1
5003540	7473925	1
5003541	1573581	1
5003542	3904175	1
5003543	8050919	1
5003544	345403	1
5003545	4793498	1
5003546	2577383	1
5003547	731024	1
5003548	8831484	1
5003549	276389	1
5003550	4790108	1
5003551	4895229	1
5003552	5599037	1
5003553	2570831	1
5003554	8143279	1
5003555	6134250	1
5003556	2462086	1
5003557	1629335	1
5003558	7070403	1
5003559	3211285	1
5003560	6660041	1
5003561	7828513	1
5003562	6424970	1
5003563	8204385	1
5003564	1729681	1
5003565	7231370	1
5003566	2387738	1
5003567	4973434	1
5003568	8731142	1
5003569	2590608	1
5003570	2231046	1
5003571	5154503	1
5003572	7605038	1
5003573	2549604	1
5003574	8435533	1
5003575	5515824	1
5003576	1672939	1
5003577	431970	1
5003578	1244787	1
5003579	3744953	1
5003580	7761483	1
5003581	3904521	1
5003582	967258	1
5003583	1223443	1
5003584	2119837	1
5003585	4707536	1
5003586	3560171	1
5003587	4697027	1
5003588	7132603	1
5003589	1187180	1
5003590	2909985	1
5003591	8364702	1
5003592	7680158	1
5003593	1104692	1
5003594	922625	1
5003595	4630699	1
5003596	393062	1
5003597	443779	1
5003598	4437392	1
5003599	4137911	1
5003600	2403813	1
5003601	4763709	1
5003602	6144125	1
5003603	8404912	1
5003604	5743105	1
5003605	4287506	1
5003606	2512262	1
5003607	7887555	1
5003608	2615180	1
5003609	7096332	1
5003610	8524654	1
5003611	7609394	1
5003612	2685858	1
5003613	894706	1
5003614	7825567	1
5003615	6921346	1
5003616	480022	1
5003617	1030709	1
5003618	2696295	1
5003619	8782811	1
5003620	6282759	1
5003621	5596959	1
5003622	7984114	1
5003623	2956280	1
5003624	8074940	1
5003625	791174	1
5003626	3589908	1
5003627	1503442	1
5003628	1107497	1
5003629	2713539	1
5003630	8663681	1
5003631	3996886	1
5003632	4037690	1
5003633	1889469	1
5003634	4281333	1
5003635	4920664	1
5003636	6299114	1
5003637	1882982	1
5003638	3879194	1
5003639	2107518	1
5003640	7777467	1
5003641	4683269	1
5003642	5985029	1
5003643	2947300	1
5003644	7096940	1
5003645	3621824	1
5003646	4548883	1
5003647	8373744	1
5003648	882181	1
5003649	8454502	1
5003650	7959231	1
5003651	8590792	1
5003652	2368485	1
5003653	5761297	1
5003654	4856871	1
5003655	2256630	1
5003656	4408835	1
5003657	3341371	1
5003658	6549369	1
5003659	8283933	1
5003660	1104747	1
5003661	1537271	1
5003662	7483359	1
5003663	1815079	1
5003664	4933994	1
5003665	551210	1
5003666	2293495	1
5003667	6252225	1
5003668	5172269	1
5003669	3137869	1
5003670	3389184	1
5003671	4149556	1
5003672	1032621	1
5003673	3231707	1
5003674	8004985	1
5003675	1293625	1
5003676	6083236	1
5003677	6972591	1
5003678	6285378	1
5003679	6407254	1
5003680	6196476	1
5003681	1775671	1
5003682	3036470	1
5003683	8826267	1
5003684	6168818	1
5003685	6671834	1
5003686	5360624	1
5003687	8127473	1
5003688	1509796	1
5003689	212723	1
5003690	1013228	1
5003691	1180519	1
5003692	3087558	1
5003693	5911168	1
5003694	2465887	1
5003695	6672137	1
5003696	3926333	1
5003697	488225	1
5003698	308597	1
5003699	8810727	1
5003700	199167	1
5003701	2949836	1
5003702	6812132	1
5003703	6910762	1
5003704	5953049	1
5003705	8148831	1
5003706	5652377	1
5003707	2431666	1
5003708	8692174	1
5003709	5189509	1
5003710	145735	1
5003711	7793309	1
5003712	4366139	1
5003713	5342980	1
5003714	2831384	1
5003715	4157516	1
5003716	5417002	1
5003717	4881838	1
5003718	3743548	1
5003719	600376	1
5003720	1193023	1
5003721	4978927	1
5003722	2021197	1
5003723	100964	1
5003724	2141065	1
5003725	1839412	1
5003726	5492540	1
5003727	4244338	1
5003728	5022251	1
5003729	2108073	1
5003730	1126941	1
5003731	2314740	1
5003732	4276555	1
5003733	6758853	1
5003734	7147547	1
5003735	4262638	1
5003736	3243725	1
5003737	7963119	1
5003738	4126646	1
5003739	4309490	1
5003740	7968837	1
5003741	6043245	1
5003742	6234669	1
5003743	3944576	1
5003744	8156159	1
5003745	4951871	1
5003746	4375466	1
5003747	3655250	1
5003748	1742472	1
5003749	5962148	1
5003750	8341592	1
5003751	1409349	1
5003752	7555197	1
5003753	3873609	1
5003754	2024599	1
5003755	7416057	1
5003756	7578632	1
5003757	3059112	1
5003758	3180299	1
5003759	6901177	1
5003760	5001176	1
5003761	1255408	1
5003762	7504099	1
5003763	5013312	1
5003764	3559067	1
5003765	428940	1
5003766	8752952	1
5003767	3304456	1
5003768	6688358	1
5003769	7668670	1
5003770	3890002	1
5003771	5752360	1
5003772	2502438	1
5003773	1690188	1
5003774	977278	1
5003775	5784347	1
5003776	55093	1
5003777	6660980	1
5003778	8520717	1
5003779	1209978	1
5003780	4662097	1
5003781	6092778	1
5003782	1830102	1
5003783	4455788	1
5003784	6859638	1
5003785	7449827	1
5003786	6524135	1
5003787	1878787	1
5003788	4551317	1
5003789	1202730	1
5003790	6440844	1
5003791	1296834	1
5003792	7873818	1
5003793	577045	1
5003794	115806	1
5003795	265903	1
5003796	6257619	1
5003797	8202148	1
5003798	506407	1
5003799	5541953	1
5003800	3118833	1
5003801	2353078	1
5003802	1629098	1
5003803	7588403	1
5003804	479779	1
5003805	1622183	1
5003806	6511534	1
5003807	4159322	1
5003808	2930055	1
5003809	5564976	1
5003810	4640236	1
5003811	7297631	1
5003812	3125337	1
5003813	5944486	1
5003814	8641858	1
5003815	27721	1
5003816	270882	1
5003817	8387901	1
5003818	7740782	1
5003819	5917874	1
5003820	5398288	1
5003821	6033380	1
5003822	2173017	1
5003823	5043792	1
5003824	530934	1
5003825	1180415	1
5003826	7648719	1
5003827	2785399	1
5003828	6432615	1
5003829	802134	1
5003830	8608509	1
5003831	6441074	1
5003832	727586	1
5003833	8426449	1
5003834	4307980	1
5003835	494550	1
5003836	1227439	1
5003837	858325	1
5003838	1188461	1
5003839	5435888	1
5003840	2104098	1
5003841	5640996	1
5003842	3632616	1
5003843	887422	1
5003844	4758451	1
5003845	6224647	1
5003846	6608775	1
5003847	2823696	1
5003848	8292882	1
5003849	3851580	1
5003850	2376071	1
5003851	5542291	1
5003852	1514631	1
5003853	3521363	1
5003854	2200559	1
5003855	3981952	1
5003856	1706990	1
5003857	1111973	1
5003858	7905313	1
5003859	5442	1
5003860	4188030	1
5003861	3367383	1
5003862	3461165	1
5003863	1120022	1
5003864	890572	1
5003865	2366356	1
5003866	2763243	1
5003867	6755160	1
5003868	7461991	1
5003869	8397625	1
5003870	255818	1
5003871	5736826	1
5003872	3744573	1
5003873	8403960	1
5003874	4889130	1
5003875	2588113	1
5003876	6663165	1
5003877	4992584	1
5003878	3859080	1
5003879	1011964	1
5003880	1317784	1
5003881	7334027	1
5003882	6236209	1
5003883	130103	1
5003884	3592698	1
5003885	2464925	1
5003886	4031666	1
5003887	5368504	1
5003888	5466311	1
5003889	10820	1
5003890	7393532	1
5003891	4815472	1
5003892	3382173	1
5003893	6898534	1
5003894	3312989	1
5003895	1816610	1
5003896	2171196	1
5003897	5832859	1
5003898	1758913	1
5003899	412629	1
5003900	4597312	1
5003901	4099061	1
5003902	8718664	1
5003903	5314825	1
5003904	6605820	1
5003905	3259990	1
5003906	2422422	1
5003907	466365	1
5003908	3005790	1
5003909	7421108	1
5003910	7774007	1
5003911	5105813	1
5003912	1465469	1
5003913	1866946	1
5003914	5882031	1
5003915	7311794	1
5003916	2768838	1
5003917	1013761	1
5003918	5572734	1
5003919	7095439	1
5003920	5152949	1
5003921	196178	1
5003922	7874368	1
5003923	3599260	1
5003924	36379	1
5003925	1985665	1
5003926	811184	1
5003927	413750	1
5003928	3215841	1
5003929	2694878	1
5003930	1190581	1
5003931	6558610	1
5003932	7911034	1
5003933	6744713	1
5003934	1125095	1
5003935	3081070	1
5003936	7475050	1
5003937	7825322	1
5003938	3341319	1
5003939	7146044	1
5003940	7799812	1
5003941	8494903	1
5003942	8727785	1
5003943	5792960	1
5003944	1143181	1
5003945	4697948	1
5003946	7634568	1
5003947	3888157	1
5003948	5385991	1
5003949	3282423	1
5003950	4380489	1
5003951	4978870	1
5003952	6525676	1
5003953	5233159	1
5003954	6906400	1
5003955	2549731	1
5003956	880594	1
5003957	4232917	1
5003958	3867993	1
5003959	4809324	1
5003960	7332016	1
5003961	3441536	1
5003962	2137701	1
5003963	198969	1
5003964	3628965	1
5003965	1580512	1
5003966	6825738	1
5003967	5328089	1
5003968	7681668	1
5003969	3065573	1
5003970	6020389	1
5003971	1897335	1
5003972	8630974	1
5003973	3918851	1
5003974	2156360	1
5003975	8707470	1
5003976	289055	1
5003977	2465152	1
5003978	4372995	1
5003979	1325998	1
5003980	5700959	1
5003981	3768556	1
5003982	7958546	1
5003983	6707451	1
5003984	3971092	1
5003985	6610436	1
5003986	3860346	1
5003987	7628035	1
5003988	4080549	1
5003989	2024891	1
5003990	1438323	1
5003991	7727913	1
5003992	4855746	1
5003993	2245646	1
5003994	736957	1
5003995	8187053	1
5003996	3143830	1
5003997	5036371	1
5003998	2838003	1
5003999	5578783	1
5004000	3285736	1
5004001	1544493	1
5004002	8053227	1
5004003	8169978	1
5004004	1667125	1
5004005	5395939	1
5004006	544497	1
5004007	2468584	1
5004008	4209609	1
5004009	8023202	1
5004010	52004	1
5004011	5927260	1
5004012	661390	1
5004013	7133167	1
5004014	322551	1
5004015	3462717	1
5004016	8528549	1
5004017	3005826	1
5004018	3893290	1
5004019	8590533	1
5004020	3124956	1
5004021	1352529	1
5004022	4289717	1
5004023	7887465	1
5004024	4847841	1
5004025	7616912	1
5004026	2432994	1
5004027	6246805	1
5004028	5963050	1
5004029	6249427	1
5004030	7305052	1
5004031	2585604	1
5004032	4394539	1
5004033	5502267	1
5004034	7159072	1
5004035	6083408	1
5004036	6608402	1
5004037	2656274	1
5004038	4547438	1
5004039	475082	1
5004040	3237379	1
5004041	54241	1
5004042	8449938	1
5004043	7810673	1
5004044	4971793	1
5004045	4165729	1
5004046	2798278	1
5004047	1097893	1
5004048	7652564	1
5004049	1660175	1
5004050	6672816	1
5004051	1590666	1
5004052	2108214	1
5004053	8042416	1
5004054	2844894	1
5004055	4466704	1
5004056	7260129	1
5004057	2148880	1
5004058	6449642	1
5004059	6697595	1
5004060	5886628	1
5004061	3321196	1
5004062	7329658	1
5004063	7072075	1
5004064	3858195	1
5004065	6020826	1
5004066	2346533	1
5004067	5941229	1
5004068	828654	1
5004069	3731240	1
5004070	5608859	1
5004071	6498583	1
5004072	2121928	1
5004073	5045290	1
5004074	6011557	1
5004075	1956040	1
5004076	3701858	1
5004077	6502427	1
5004078	4661514	1
5004079	3321099	1
5004080	7856839	1
5004081	7576377	1
5004082	7517004	1
5004083	1085652	1
5004084	5089018	1
5004085	6782445	1
5004086	1286672	1
5004087	3103656	1
5004088	7513758	1
5004089	1459826	1
5004090	1010228	1
5004091	6731599	1
5004092	1680797	1
5004093	1792809	1
5004094	3319188	1
5004095	1882004	1
5004096	1918439	1
5004097	2691454	1
5004098	7350993	1
5004099	5663020	1
5004100	7768762	1
5004101	2638500	1
5004102	6263466	1
5004103	600145	1
5004104	7517328	1
5004105	5223142	1
5004106	236970	1
5004107	815713	1
5004108	1588077	1
5004109	4979041	1
5004110	259640	1
5004111	6696200	1
5004112	8049248	1
5004113	68198	1
5004114	357068	1
5004115	2360018	1
5004116	1732769	1
5004117	8783756	1
5004118	556911	1
5004119	1907157	1
5004120	2244949	1
5004121	975200	1
5004122	1038428	1
5004123	7407263	1
5004124	4448641	1
5004125	5383136	1
5004126	3052239	1
5004127	4994707	1
5004128	8000683	1
5004129	4173812	1
5004130	3281353	1
5004131	3304500	1
5004132	7189760	1
5004133	1563810	1
5004134	7081885	1
5004135	2167106	1
5004136	1630514	1
5004137	4488563	1
5004138	1581874	1
5004139	599269	1
5004140	2701961	1
5004141	7668336	1
5004142	5235496	1
5004143	5165125	1
5004144	5927509	1
5004145	7492573	1
5004146	882592	1
5004147	3438866	1
5004148	7671906	1
5004149	7781702	1
5004150	5086909	1
5004151	3825408	1
5004152	1904212	1
5004153	7446691	1
5004154	4499968	1
5004155	71219	1
5004156	4671983	1
5004157	3872762	1
5004158	7150832	1
5004159	2932381	1
5004160	4299356	1
5004161	5099111	1
5004162	6929458	1
5004163	2307068	1
5004164	387342	1
5004165	7401703	1
5004166	3846076	1
5004167	1124479	1
5004168	5646045	1
5004169	946030	1
5004170	6086105	1
5004171	6651876	1
5004172	167524	1
5004173	2567511	1
5004174	755871	1
5004175	6604376	1
5004176	1655871	1
5004177	6540225	1
5004178	1757649	1
5004179	223648	1
5004180	1120455	1
5004181	6757023	1
5004182	3539233	1
5004183	4236539	1
5004184	3714139	1
5004185	3961800	1
5004186	1913551	1
5004187	4243126	1
5004188	3868054	1
5004189	4144123	1
5004190	7541408	1
5004191	6579036	1
5004192	8726773	1
5004193	7954655	1
5004194	7651721	1
5004195	7926719	1
5004196	6680356	1
5004197	8746944	1
5004198	1506789	1
5004199	5969612	1
5004200	6774324	1
5004201	7253400	1
5004202	5021768	1
5004203	6146735	1
5004204	997829	1
5004205	425333	1
5004206	606228	1
5004207	517928	1
5004208	8391550	1
5004209	8752206	1
5004210	7966324	1
5004211	4266089	1
5004212	5390387	1
5004213	8771445	1
5004214	6898746	1
5004215	6951043	1
5004216	2692426	1
5004217	2081115	1
5004218	1414194	1
5004219	7734729	1
5004220	8104871	1
5004221	3173776	1
5004222	5065621	1
5004223	2603895	1
5004224	5174904	1
5004225	5189701	1
5004226	3839356	1
5004227	7537740	1
5004228	8754341	1
5004229	3948934	1
5004230	7665738	1
5004231	3847092	1
5004232	5177005	1
5004233	5434284	1
5004234	7918826	1
5004235	3236368	1
5004236	4720155	1
5004237	6007613	1
5004238	6151898	1
5004239	4755154	1
5004240	5260415	1
5004241	7297555	1
5004242	2978945	1
5004243	2763381	1
5004244	4013235	1
5004245	1876009	1
5004246	6667407	1
5004247	8155142	1
5004248	3776516	1
5004249	8818053	1
5004250	6850003	1
5004251	4041763	1
5004252	4533176	1
5004253	2716264	1
5004254	5541272	1
5004255	1783484	1
5004256	1863084	1
5004257	3102698	1
5004258	6306171	1
5004259	6653832	1
5004260	1932509	1
5004261	4200186	1
5004262	4698441	1
5004263	6581342	1
5004264	3603790	1
5004265	987589	1
5004266	535519	1
5004267	8704793	1
5004268	2748761	1
5004269	959300	1
5004270	2051125	1
5004271	4992156	1
5004272	4611328	1
5004273	3146102	1
5004274	4947282	1
5004275	40586	1
5004276	7307974	1
5004277	5585589	1
5004278	3594347	1
5004279	2035542	1
5004280	6068589	1
5004281	6497671	1
5004282	5904785	1
5004283	2658118	1
5004284	8679544	1
5004285	2401625	1
5004286	181420	1
5004287	5103289	1
5004288	4002943	1
5004289	1191026	1
5004290	4153391	1
5004291	5882658	1
5004292	8220450	1
5004293	7040131	1
5004294	6797821	1
5004295	8589262	1
5004296	7567851	1
5004297	7328669	1
5004298	4513628	1
5004299	5815899	1
5004300	80727	1
5004301	5224755	1
5004302	862253	1
5004303	3515461	1
5004304	4750936	1
5004305	7772784	1
5004306	3035450	1
5004307	8113029	1
5004308	249160	1
5004309	5652292	1
5004310	33689	1
5004311	6149908	1
5004312	4511675	1
5004313	6281547	1
5004314	3755725	1
5004315	5053306	1
5004316	973296	1
5004317	4471551	1
5004318	415071	1
5004319	432545	1
5004320	7015918	1
5004321	6194089	1
5004322	3195667	1
5004323	5117126	1
5004324	4422084	1
5004325	4012449	1
5004326	8743940	1
5004327	5582977	1
5004328	1613166	1
5004329	1051996	1
5004330	6913089	1
5004331	1077258	1
5004332	1786911	1
5004333	699776	1
5004334	8129936	1
5004335	6204584	1
5004336	3149454	1
5004337	5131656	1
5004338	7874976	1
5004339	1193438	1
5004340	5063025	1
5004341	1741423	1
5004342	2130400	1
5004343	8798306	1
5004344	6583121	1
5004345	1792167	1
5004346	4341091	1
5004347	6906273	1
5004348	6253290	1
5004349	8335402	1
5004350	7921550	1
5004351	7614507	1
5004352	1945650	1
5004353	2671758	1
5004354	4882874	1
5004355	2710213	1
5004356	5759768	1
5004357	6738555	1
5004358	7184214	1
5004359	1680057	1
5004360	7415052	1
5004361	5813737	1
5004362	8308075	1
5004363	7819813	1
5004364	2851295	1
5004365	421289	1
5004366	5177812	1
5004367	8369551	1
5004368	469239	1
5004369	1269301	1
5004370	1476292	1
5004371	7219527	1
5004372	4628648	1
5004373	2134490	1
5004374	4144705	1
5004375	522752	1
5004376	1744021	1
5004377	1223954	1
5004378	3637315	1
5004379	7928567	1
5004380	8252552	1
5004381	1910819	1
5004382	3372483	1
5004383	8208166	1
5004384	4513996	1
5004385	5792558	1
5004386	426191	1
5004387	4655260	1
5004388	5902055	1
5004389	7655439	1
5004390	3899462	1
5004391	6957776	1
5004392	6765819	1
5004393	3978543	1
5004394	1571982	1
5004395	8620783	1
5004396	4039615	1
5004397	5920870	1
5004398	6840980	1
5004399	4849928	1
5004400	7130247	1
5004401	8107855	1
5004402	5194533	1
5004403	4176563	1
5004404	2346574	1
5004405	3962866	1
5004406	1662897	1
5004407	6384543	1
5004408	3067701	1
5004409	3715108	1
5004410	5331199	1
5004411	61893	1
5004412	7233640	1
5004413	8747290	1
5004414	5321954	1
5004415	4216626	1
5004416	1151662	1
5004417	8181899	1
5004418	4857760	1
5004419	4652772	1
5004420	4465478	1
5004421	8073915	1
5004422	5270625	1
5004423	7059270	1
5004424	2310089	1
5004425	2559823	1
5004426	5394802	1
5004427	2700745	1
5004428	3996189	1
5004429	6609412	1
5004430	6002109	1
5004431	3669235	1
5004432	8533363	1
5004433	1883895	1
5004434	6826284	1
5004435	559169	1
5004436	3837227	1
5004437	7199073	1
5004438	416580	1
5004439	2306800	1
5004440	5275530	1
5004441	940299	1
5004442	8636791	1
5004443	6761583	1
5004444	6670159	1
5004445	8709960	1
5004446	611304	1
5004447	7708946	1
5004448	2878278	1
5004449	82496	1
5004450	8813541	1
5004451	2954934	1
5004452	25275	1
5004453	8197453	1
5004454	2765210	1
5004455	127265	1
5004456	6061026	1
5004457	8227350	1
5004458	5355890	1
5004459	7959459	1
5004460	3650491	1
5004461	7847904	1
5004462	6873945	1
5004463	908830	1
5004464	3799604	1
5004465	5867050	1
5004466	3630196	1
5004467	3911569	1
5004468	6844430	1
5004469	8253618	1
5004470	5502346	1
5004471	6059020	1
5004472	7996405	1
5004473	932133	1
5004474	5283883	1
5004475	4869608	1
5004476	1413405	1
5004477	7794733	1
5004478	7494451	1
5004479	4035582	1
5004480	8691402	1
5004481	4303717	1
5004482	3411221	1
5004483	5848740	1
5004484	7097470	1
5004485	5474411	1
5004486	8119294	1
5004487	5190664	1
5004488	5838180	1
5004489	8651509	1
5004490	5072274	1
5004491	3093035	1
5004492	905776	1
5004493	7359333	1
5004494	2998252	1
5004495	7356384	1
5004496	1300124	1
5004497	1570012	1
5004498	7648364	1
5004499	988578	1
5004500	1028929	1
5004501	2905863	1
5004502	928016	1
5004503	2123838	1
5004504	4307115	1
5004505	7956673	1
5004506	121518	1
5004507	537610	1
5004508	3834628	1
5004509	7001684	1
5004510	6800670	1
5004511	588538	1
5004512	2669715	1
5004513	5271132	1
5004514	3707837	1
5004515	8310109	1
5004516	5161400	1
5004517	4536939	1
5004518	8738960	1
5004519	7246955	1
5004520	5517869	1
5004521	1371805	1
5004522	5932956	1
5004523	2849648	1
5004524	5851425	1
5004525	249151	1
5004526	4847636	1
5004527	8005348	1
5004528	4591096	1
5004529	2481846	1
5004530	2698782	1
5004531	8291792	1
5004532	4797971	1
5004533	5636747	1
5004534	8587819	1
5004535	8687092	1
5004536	4033733	1
5004537	4304331	1
5004538	8779331	1
5004539	2490040	1
5004540	3047716	1
5004541	5419327	1
5004542	959912	1
5004543	1723238	1
5004544	5572667	1
5004545	3769115	1
5004546	8833138	1
5004547	3647630	1
5004548	1175415	1
5004549	800118	1
5004550	8311668	1
5004551	6461306	1
5004552	7932969	1
5004553	6641702	1
5004554	5675872	1
5004555	4419662	1
5004556	7066112	1
5004557	5790566	1
5004558	7484593	1
5004559	6031353	1
5004560	2025159	1
5004561	7003206	1
5004562	2643197	1
5004563	3565432	1
5004564	7555157	1
5004565	7065366	1
5004566	4173751	1
5004567	5344905	1
5004568	2871363	1
5004569	6950903	1
5004570	5312466	1
5004571	1008834	1
5004572	6362941	1
5004573	5207469	1
5004574	2429863	1
5004575	4404009	1
5004576	113023	1
5004577	4152889	1
5004578	2174197	1
5004579	2621079	1
5004580	379292	1
5004581	7446308	1
5004582	1342250	1
5004583	2516746	1
5004584	2548043	1
5004585	6057417	1
5004586	6014061	1
5004587	5282165	1
5004588	5045419	1
5004589	5104333	1
5004590	7085176	1
5004591	908933	1
5004592	1773310	1
5004593	8433464	1
5004594	181610	1
5004595	1607778	1
5004596	3496206	1
5004597	2905555	1
5004598	6592132	1
5004599	4130105	1
5004600	7539753	1
5004601	8725970	1
5004602	1662611	1
5004603	1527154	1
5004604	240437	1
5004605	3805537	1
5004606	3672227	1
5004607	2161313	1
5004608	5644839	1
5004609	2804821	1
5004610	6637541	1
5004611	6876397	1
5004612	3078591	1
5004613	3007576	1
5004614	1957299	1
5004615	8409216	1
5004616	1879680	1
5004617	7586229	1
5004618	6763694	1
5004619	3044963	1
5004620	2447342	1
5004621	3618895	1
5004622	5378702	1
5004623	7489196	1
5004624	5414502	1
5004625	1049575	1
5004626	2526191	1
5004627	8763829	1
5004628	433721	1
5004629	6119827	1
5004630	1157203	1
5004631	7399898	1
5004632	6688181	1
5004633	3113300	1
5004634	4862682	1
5004635	3562078	1
5004636	1551816	1
5004637	2607817	1
5004638	926564	1
5004639	432584	1
5004640	4989854	1
5004641	1118859	1
5004642	5640695	1
5004643	3927954	1
5004644	1410035	1
5004645	1530250	1
5004646	6765130	1
5004647	351533	1
5004648	429744	1
5004649	6327500	1
5004650	3805392	1
5004651	5898542	1
5004652	5555750	1
5004653	735506	1
5004654	1392039	1
5004655	7794904	1
5004656	457964	1
5004657	5130115	1
5004658	2847189	1
5004659	6223966	1
5004660	4336554	1
5004661	7443408	1
5004662	6030589	1
5004663	2220344	1
5004664	6090118	1
5004665	1624188	1
5004666	4046522	1
5004667	650067	1
5004668	8803098	1
5004669	3709394	1
5004670	752049	1
5004671	2162316	1
5004672	1022298	1
5004673	46910	1
5004674	56869	1
5004675	4966812	1
5004676	3391543	1
5004677	7516904	1
5004678	5366148	1
5004679	5742630	1
5004680	8525157	1
5004681	4411106	1
5004682	8791750	1
5004683	4646757	1
5004684	7763092	1
5004685	3833698	1
5004686	26611	1
5004687	7401146	1
5004688	8204492	1
5004689	7347763	1
5004690	4345812	1
5004691	2770066	1
5004692	4456764	1
5004693	8229117	1
5004694	3856688	1
5004695	2322174	1
5004696	8340765	1
5004697	7462450	1
5004698	7436047	1
5004699	5267694	1
5004700	2174321	1
5004701	6745346	1
5004702	3180978	1
5004703	7439248	1
5004704	6855278	1
5004705	8388465	1
5004706	3474314	1
5004707	3046925	1
5004708	4441354	1
5004709	6158631	1
5004710	3416859	1
5004711	3295833	1
5004712	1724919	1
5004713	3265319	1
5004714	7867207	1
5004715	4991785	1
5004716	5290835	1
5004717	5226646	1
5004718	8334579	1
5004719	5550121	1
5004720	5916541	1
5004721	6317994	1
5004722	2127186	1
5004723	3133839	1
5004724	5240313	1
5004725	5416290	1
5004726	1483532	1
5004727	6949612	1
5004728	7317602	1
5004729	7834396	1
5004730	2255438	1
5004731	3282070	1
5004732	2994260	1
5004733	2728720	1
5004734	765204	1
5004735	7416674	1
5004736	3663287	1
5004737	1189826	1
5004738	3718178	1
5004739	7549416	1
5004740	6736893	1
5004741	2188397	1
5004742	8730450	1
5004743	671010	1
5004744	2203975	1
5004745	8268969	1
5004746	8443142	1
5004747	7985573	1
5004748	2678545	1
5004749	7703062	1
5004750	2279462	1
5004751	787833	1
5004752	8285955	1
5004753	8359843	1
5004754	1579996	1
5004755	4113722	1
5004756	3624826	1
5004757	7688477	1
5004758	3280218	1
5004759	7002554	1
5004760	2554131	1
5004761	8569103	1
5004762	2138856	1
5004763	5733218	1
5004764	545271	1
5004765	2876045	1
5004766	7890207	1
5004767	5196167	1
5004768	199331	1
5004769	504918	1
5004770	5724281	1
5004771	2054087	1
5004772	8595218	1
5004773	6148463	1
5004774	7987117	1
5004775	127696	1
5004776	5501606	1
5004777	5083985	1
5004778	3461703	1
5004779	7717294	1
5004780	2242368	1
5004781	6701760	1
5004782	837719	1
5004783	5678053	1
5004784	5315759	1
5004785	158814	1
5004786	8367695	1
5004787	7706526	1
5004788	1268997	1
5004789	8532452	1
5004790	4390259	1
5004791	5479605	1
5004792	3858219	1
5004793	8296131	1
5004794	3980521	1
5004795	7870670	1
5004796	3272723	1
5004797	3565164	1
5004798	7585485	1
5004799	4277654	1
5004800	7390616	1
5004801	5311156	1
5004802	5757369	1
5004803	6145955	1
5004804	5571754	1
5004805	6039688	1
5004806	6098912	1
5004807	1022964	1
5004808	1289751	1
5004809	6085504	1
5004810	1349263	1
5004811	2922696	1
5004812	4655437	1
5004813	5859213	1
5004814	4006912	1
5004815	317491	1
5004816	2371011	1
5004817	1273744	1
5004818	488545	1
5004819	1565666	1
5004820	2363843	1
5004821	6482329	1
5004822	2333536	1
5004823	4131415	1
5004824	4379339	1
5004825	7608243	1
5004826	3169401	1
5004827	6453917	1
5004828	19118	1
5004829	7037783	1
5004830	4919240	1
5004831	2428760	1
5004832	1856169	1
5004833	2343662	1
5004834	6891843	1
5004835	5002719	1
5004836	2403881	1
5004837	849645	1
5004838	5585698	1
5004839	3090411	1
5004840	660479	1
5004841	6650085	1
5004842	3924714	1
5004843	4103141	1
5004844	2251879	1
5004845	3283027	1
5004846	4330216	1
5004847	8420057	1
5004848	1011822	1
5004849	6481821	1
5004850	8737072	1
5004851	4685891	1
5004852	1386922	1
5004853	1734974	1
5004854	8616457	1
5004855	3191576	1
5004856	3753031	1
5004857	5624601	1
5004858	5698869	1
5004859	7146876	1
5004860	5529846	1
5004861	5721062	1
5004862	8087769	1
5004863	5438780	1
5004864	404501	1
5004865	3755974	1
5004866	936579	1
5004867	5656826	1
5004868	6346564	1
5004869	8820181	1
5004870	7376141	1
5004871	6003632	1
5004872	8251256	1
5004873	588477	1
5004874	3462873	1
5004875	704528	1
5004876	2533909	1
5004877	5872889	1
5004878	7101229	1
5004879	4969991	1
5004880	1603481	1
5004881	2650623	1
5004882	1794383	1
5004883	7527001	1
5004884	2178457	1
5004885	8332393	1
5004886	2137486	1
5004887	2453458	1
5004888	5387692	1
5004889	8599764	1
5004890	7400666	1
5004891	6463933	1
5004892	574944	1
5004893	1236495	1
5004894	1038897	1
5004895	8697918	1
5004896	7325611	1
5004897	3746720	1
5004898	805920	1
5004899	243327	1
5004900	4560684	1
5004901	8336950	1
5004902	4700640	1
5004903	4355742	1
5004904	5527774	1
5004905	4236635	1
5004906	618059	1
5004907	6637188	1
5004908	2004792	1
5004909	6503451	1
5004910	8640172	1
5004911	2493100	1
5004912	1134187	1
5004913	3719872	1
5004914	7111123	1
5004915	8658931	1
5004916	2781209	1
5004917	5763024	1
5004918	3842439	1
5004919	2874129	1
5004920	747380	1
5004921	734194	1
5004922	1519453	1
5004923	6702556	1
5004924	2390339	1
5004925	3218716	1
5004926	6291929	1
5004927	3651880	1
5004928	7075217	1
5004929	7349571	1
5004930	1362704	1
5004931	6923717	1
5004932	464628	1
5004933	1825691	1
5004934	7108875	1
5004935	2232834	1
5004936	4006969	1
5004937	1997109	1
5004938	4686847	1
5004939	8433352	1
5004940	2401929	1
5004941	1706385	1
5004942	1813629	1
5004943	8617906	1
5004944	5006525	1
5004945	1785555	1
5004946	6857670	1
5004947	8350040	1
5004948	6972349	1
5004949	1214013	1
5004950	7318813	1
5004951	5222366	1
5004952	2795416	1
5004953	3245855	1
5004954	1581230	1
5004955	8007468	1
5004956	3677641	1
5004957	805470	1
5004958	591707	1
5004959	6675391	1
5004960	7491757	1
5004961	865920	1
5004962	6036571	1
5004963	8484711	1
5004964	4140606	1
5004965	4713213	1
5004966	992759	1
5004967	6086983	1
5004968	7707118	1
5004969	5365569	1
5004970	6978356	1
5004971	3910742	1
5004972	3306397	1
5004973	2473402	1
5004974	3196137	1
5004975	1399692	1
5004976	1470882	1
5004977	6355298	1
5004978	7339860	1
5004979	556425	1
5004980	8387544	1
5004981	952679	1
5004982	6546988	1
5004983	4850911	1
5004984	6705246	1
5004985	5680213	1
5004986	6984577	1
5004987	4669886	1
5004988	7747048	1
5004989	6611196	1
5004990	6053388	1
5004991	587260	1
5004992	1920215	1
5004993	2527363	1
5004994	3362978	1
5004995	4952238	1
5004996	7679254	1
5004997	315119	1
5004998	1118843	1
5004999	8415797	1
5005000	911355	1
